STATION,NAME,LATITUDE,LONGITUDE,ELEVATION,DATE,PRCP,PRCP_ATTRIBUTES,SNOW,SNOW_ATTRIBUTES,TAVG,TAVG_ATTRIBUTES
GLW00016504,"SONDRESTROM, GL",67.01667,-50.8,50.3,1962-01,14.6,",,,X",278,",,,X",-16.5,",X"
GLW00016504,"SONDRESTROM, GL",67.01667,-50.8,50.3,1962-02,9.8,",,,X",153,",,,X",-18.5,",X"
GLW00016504,"SONDRESTROM, GL",67.01667,-50.8,50.3,1962-03,2.9,",,,X",36,",,,X",-7.6,",X"
GLW00016504,"SONDRESTROM, GL",67.01667,-50.8,50.3,1962-04,2.9,",,,X",39,",,,X",-5,",X"
GLW00016504,"SONDRESTROM, GL",67.01667,-50.8,50.3,1962-05,12.5,",,,X",84,",,,X",4.8,",X"
GLW00016504,"SONDRESTROM, GL",67.01667,-50.8,50.3,1962-06,13.5,",,,X",0,",,,X",9.4,",X"
GLW00016504,"SONDRESTROM, GL",67.01667,-50.8,50.3,1962-07,8.7,",,,X",0,",,,X",12.2,",X"
GLW00016504,"SONDRESTROM, GL",67.01667,-50.8,50.3,1962-08,31.9,",,,X",0,",T,,X",8.3,",X"
GLW00016504,"SONDRESTROM, GL",67.01667,-50.8,50.3,1962-09,30.7,",,,X",51,",,,X",2.5,",X"
GLW00016504,"SONDRESTROM, GL",67.01667,-50.8,50.3,1962-10,15.4,",,,X",233,",,,X",-6.7,",X"
GLW00016504,"SONDRESTROM, GL",67.01667,-50.8,50.3,1962-11,15.7,",,,X",215,",,,X",-9.1,",X"
GLW00016504,"SONDRESTROM, GL",67.01667,-50.8,50.3,1962-12,5.8,",,,X",104,",,,X",-13.2,",X"
GLW00016504,"SONDRESTROM, GL",67.01667,-50.8,50.3,1963-01,7,",,,X",119,",,,X",-8.5,",X"
GLW00016504,"SONDRESTROM, GL",67.01667,-50.8,50.3,1963-02,7.9,",,,X",130,",,,X",-10.1,",X"
GLW00016504,"SONDRESTROM, GL",67.01667,-50.8,50.3,1963-03,6.1,",,,X",83,",,,X",-14.1,",X"
GLW00016504,"SONDRESTROM, GL",67.01667,-50.8,50.3,1963-04,0,",T,,X",0,",T,,X",-2.3,",X"
GLW00016504,"SONDRESTROM, GL",67.01667,-50.8,50.3,1963-05,17.7,",,,X",247,",,,X",-0.3,",X"
GLW00016504,"SONDRESTROM, GL",67.01667,-50.8,50.3,1963-06,10.3,",,,X",3,",,,X",8.5,",X"
GLW00016504,"SONDRESTROM, GL",67.01667,-50.8,50.3,1963-07,13,",,,X",0,",,,X",10,",X"
GLW00016504,"SONDRESTROM, GL",67.01667,-50.8,50.3,1963-08,46.2,",,,X",0,",T,,X",9.4,",X"
GLW00016504,"SONDRESTROM, GL",67.01667,-50.8,50.3,1963-09,27.3,",,,X",214,",,,X",1.3,",X"
GLW00016504,"SONDRESTROM, GL",67.01667,-50.8,50.3,1963-10,22.9,",,,X",129,",,,X",-7.4,",X"
GLW00016504,"SONDRESTROM, GL",67.01667,-50.8,50.3,1963-11,7.1,",,,X",91,",,,X",-13.2,",X"
GLW00016504,"SONDRESTROM, GL",67.01667,-50.8,50.3,1963-12,2.8,",,,X",23,",,,X",-9.5,",X"
GLW00016504,"SONDRESTROM, GL",67.01667,-50.8,50.3,1964-01,6,",,,X",77,",,,X",-12.4,",X"
GLW00016504,"SONDRESTROM, GL",67.01667,-50.8,50.3,1964-02,25.7,",,,X",264,",,,X",-9.9,",X"
GLW00016504,"SONDRESTROM, GL",67.01667,-50.8,50.3,1964-03,24.1,",,,X",242,",,,X",-20.1,",X"
GLW00016504,"SONDRESTROM, GL",67.01667,-50.8,50.3,1964-04,10.7,",,,X",108,",,,X",-6.1,",X"
GLW00016504,"SONDRESTROM, GL",67.01667,-50.8,50.3,1964-05,13.5,",,,X",125,",,,X",1.7,",X"
GLW00016504,"SONDRESTROM, GL",67.01667,-50.8,50.3,1964-06,37.7,",,,X",54,",,,X",7.9,"2,X"
GLW00016504,"SONDRESTROM, GL",67.01667,-50.8,50.3,1964-07,68.9,",,,X",0,",T,,X",8.4,",X"
GLW00016504,"SONDRESTROM, GL",67.01667,-50.8,50.3,1964-08,9.7,",,,X",0,",,,X",9.5,",X"
GLW00016504,"SONDRESTROM, GL",67.01667,-50.8,50.3,1964-09,12.8,",,,X",127,",,,X",4.8,",X"
GLW00016504,"SONDRESTROM, GL",67.01667,-50.8,50.3,1964-10,21.3,",,,X",208,",,,X",-7.5,",X"
GLW00016504,"SONDRESTROM, GL",67.01667,-50.8,50.3,1964-11,8.2,",,,X",82,",,,X",-15.6,"6,X"
GLW00016504,"SONDRESTROM, GL",67.01667,-50.8,50.3,1964-12,37.5,",,,X",375,",,,X",-14.8,",X"
GLW00016504,"SONDRESTROM, GL",67.01667,-50.8,50.3,1965-01,42.8,",,,X",410,",,,X",-19.7,"6,X"
GLW00016504,"SONDRESTROM, GL",67.01667,-50.8,50.3,1965-02,18.6,",,,X",187,",,,X",-7.8,"2,X"
GLW00016504,"SONDRESTROM, GL",67.01667,-50.8,50.3,1965-03,6.1,",,,X",67,",,,X",-12.9,"2,X"
GLW00016504,"SONDRESTROM, GL",67.01667,-50.8,50.3,1965-04,14.9,",,,X",150,",,,X",-8.3,",X"
GLW00016504,"SONDRESTROM, GL",67.01667,-50.8,50.3,1965-05,1.3,",,,X",0,",T,,X",6.1,",X"
GLW00016504,"SONDRESTROM, GL",67.01667,-50.8,50.3,1965-06,25.4,"1,,,X",0,",T,,X",7.7,",X"
GLW00016504,"SONDRESTROM, GL",67.01667,-50.8,50.3,1965-07,8.7,",,,X",0,",,,X",11.6,",X"
GLW00016504,"SONDRESTROM, GL",67.01667,-50.8,50.3,1965-08,14.5,",,,X",0,",,,X",8.5,",X"
GLW00016504,"SONDRESTROM, GL",67.01667,-50.8,50.3,1965-09,14.7,",,,X",58,",,,X",2.9,",X"
GLW00016504,"SONDRESTROM, GL",67.01667,-50.8,50.3,1965-10,16.3,",,,X",151,",,,X",-5.3,"2,X"
GLW00016504,"SONDRESTROM, GL",67.01667,-50.8,50.3,1965-11,5.4,",,,X",56,",,,X",-9.3,"2,X"
GLW00016504,"SONDRESTROM, GL",67.01667,-50.8,50.3,1965-12,14.6,",,,X",144,",,,X",-21.4,"4,X"
GLW00016504,"SONDRESTROM, GL",67.01667,-50.8,50.3,1966-01,12.7,",,,X",139,",,,X",-26.8,"4,X"
GLW00016504,"SONDRESTROM, GL",67.01667,-50.8,50.3,1966-02,3.9,",,,X",44,",,,X",-18.4,",X"
GLW00016504,"SONDRESTROM, GL",67.01667,-50.8,50.3,1966-03,7.7,",,,X",92,",,,X",-20.3,",X"
GLW00016504,"SONDRESTROM, GL",67.01667,-50.8,50.3,1966-04,4.8,",,,X",49,",,,X",-9.1,",X"
GLW00016504,"SONDRESTROM, GL",67.01667,-50.8,50.3,1966-05,0.6,",,,X",6,",,,X",0.8,",X"
GLW00016504,"SONDRESTROM, GL",67.01667,-50.8,50.3,1966-06,5.4,",,,X",28,",,,X",8.1,",X"
GLW00016504,"SONDRESTROM, GL",67.01667,-50.8,50.3,1966-07,38.7,",,,X",0,",,,X",10.6,",X"
GLW00016504,"SONDRESTROM, GL",67.01667,-50.8,50.3,1966-08,0,",T,,X",0,",,,X",9.5,",X"
GLW00016504,"SONDRESTROM, GL",67.01667,-50.8,50.3,1966-09,13.7,",,,X",48,",,,X",3.7,",X"
GLW00016504,"SONDRESTROM, GL",67.01667,-50.8,50.3,1966-10,11.5,",,,X",113,",,,X",-0.1,"2,X"
GLW00016504,"SONDRESTROM, GL",67.01667,-50.8,50.3,1966-11,30.6,",,,X",296,",,,X",-7.9,"4,X"
GLW00016504,"SONDRESTROM, GL",67.01667,-50.8,50.3,1966-12,49.7,"1,,,X",526,",,,X",-17.6,"4,X"
GLW00016504,"SONDRESTROM, GL",67.01667,-50.8,50.3,1967-01,19,",,,X",179,",,,X",-12.7,"6,X"
GLW00016504,"SONDRESTROM, GL",67.01667,-50.8,50.3,1967-02,13.2,"1,,,X",148,",,,X",-20.3,",X"
GLW00016504,"SONDRESTROM, GL",67.01667,-50.8,50.3,1967-03,10.1,",,,X",101,",,,X",-22.1,",X"
GLW00016504,"SONDRESTROM, GL",67.01667,-50.8,50.3,1967-04,9.4,",,,X",95,",,,X",-12.8,",X"
GLW00016504,"SONDRESTROM, GL",67.01667,-50.8,50.3,1967-05,5.6,",,,X",8,",,,X",4,",X"
GLW00016504,"SONDRESTROM, GL",67.01667,-50.8,50.3,1967-06,22.5,",,,X",0,",T,,X",7.1,",X"
GLW00016504,"SONDRESTROM, GL",67.01667,-50.8,50.3,1967-07,13.6,",,,X",0,",,,X",10.3,"2,X"
GLW00016504,"SONDRESTROM, GL",67.01667,-50.8,50.3,1967-08,6.1,",,,X",0,",,,X",7.7,",X"
GLW00016504,"SONDRESTROM, GL",67.01667,-50.8,50.3,1967-09,51.3,",,,X",140,",,,X",2.9,",X"
GLW00016504,"SONDRESTROM, GL",67.01667,-50.8,50.3,1967-10,22.1,",,,X",208,",,,X",-8.4,",X"
GLW00016504,"SONDRESTROM, GL",67.01667,-50.8,50.3,1967-11,19.9,",,,X",186,",,,X",-14,"2,X"
GLW00016504,"SONDRESTROM, GL",67.01667,-50.8,50.3,1967-12,8.5,",,,X",91,",,,X",-18.2,"4,X"
GLW00016504,"SONDRESTROM, GL",67.01667,-50.8,50.3,1968-01,16.2,",,,X",157,",,,X",-21.1,",X"
GLW00016504,"SONDRESTROM, GL",67.01667,-50.8,50.3,1968-02,19.7,"1,,,X",450,",,,X",-15.4,"4,X"
GLW00016504,"SONDRESTROM, GL",67.01667,-50.8,50.3,1968-03,40.4,",,,X",412,",,,X",-22,"2,X"
GLW00016504,"SONDRESTROM, GL",67.01667,-50.8,50.3,1968-04,8.9,",,,X",89,",,,X",-5.3,",X"
GLW00016504,"SONDRESTROM, GL",67.01667,-50.8,50.3,1968-05,3.5,",,,X",13,",,,X",7.1,",X"
GLW00016504,"SONDRESTROM, GL",67.01667,-50.8,50.3,1968-06,12.6,",,,X",8,",,,X",10.5,",X"
GLW00016504,"SONDRESTROM, GL",67.01667,-50.8,50.3,1968-07,26,",,,X",0,",,,X",12.9,",X"
GLW00016504,"SONDRESTROM, GL",67.01667,-50.8,50.3,1968-08,30.2,",,,X",0,",,,X",9.2,",X"
GLW00016504,"SONDRESTROM, GL",67.01667,-50.8,50.3,1968-09,31.5,"1,,,X",0,"1,T,,X",4.3,"1,X"
GLW00016504,"SONDRESTROM, GL",67.01667,-50.8,50.3,1968-10,0.5,",,,X",3,",,,X",-2.6,",X"
GLW00016504,"SONDRESTROM, GL",67.01667,-50.8,50.3,1968-11,21.9,",,,X",76,"1,,,X",-12.6,",X"
GLW00016504,"SONDRESTROM, GL",67.01667,-50.8,50.3,1968-12,19.9,",,,X",199,",,,X",-14.4,",X"
GLW00016504,"SONDRESTROM, GL",67.01667,-50.8,50.3,1969-01,9.9,",,,X",73,"1,,,X",-15.7,"4,X"
GLW00016504,"SONDRESTROM, GL",67.01667,-50.8,50.3,1969-02,4.9,",,,X",28,"1,,,X",-12,"2,X"
GLW00016504,"SONDRESTROM, GL",67.01667,-50.8,50.3,1969-03,12.7,",,,X",3,"2,,,X",-14.5,",X"
GLW00016504,"SONDRESTROM, GL",67.01667,-50.8,50.3,1969-04,6.4,",,,X",6,",,,X",-8.2,"2,X"
GLW00016504,"SONDRESTROM, GL",67.01667,-50.8,50.3,1969-05,2.1,",,,X",0,",T,,X",5.2,",X"
GLW00016504,"SONDRESTROM, GL",67.01667,-50.8,50.3,1969-06,30.8,",,,X",0,"1,T,,X",8.6,"2,X"
GLW00016504,"SONDRESTROM, GL",67.01667,-50.8,50.3,1969-07,21.9,",,,X",0,",,,X",10.5,",X"
GLW00016504,"SONDRESTROM, GL",67.01667,-50.8,50.3,1969-08,16.5,",,,X",0,",,,X",9.5,",X"
GLW00016504,"SONDRESTROM, GL",67.01667,-50.8,50.3,1969-09,40.8,",,,X",11,"1,,,X",1.4,",X"
GLW00016504,"SONDRESTROM, GL",67.01667,-50.8,50.3,1969-10,39.6,",,,X",396,",,,X",-9.1,",X"
GLW00016504,"SONDRESTROM, GL",67.01667,-50.8,50.3,1969-11,32,",,,X",458,"1,,,X",-7,"4,X"
GLW00016504,"SONDRESTROM, GL",67.01667,-50.8,50.3,1969-12,25.2,",,,X",252,",,,X",-17.2,"5,X"
GLW00016504,"SONDRESTROM, GL",67.01667,-50.8,50.3,1970-01,6.8,",,,X",68,",,,X",-20.5,"1,X"
GLW00016504,"SONDRESTROM, GL",67.01667,-50.8,50.3,1970-02,5.6,",,,X",56,"1,,,X",-13.6,"9,X"
GLW00016504,"SONDRESTROM, GL",67.01667,-50.8,50.3,1970-03,30.8,",,,X",308,",,,X",-17.1,"2,X"
GLW00016504,"SONDRESTROM, GL",67.01667,-50.8,50.3,1970-04,8.3,",,,X",83,",,,X",-7.9,"2,X"
GLW00016504,"SONDRESTROM, GL",67.01667,-50.8,50.3,1970-05,9.5,",,,X",31,",,,X",-0.4,",X"
GLW00016504,"SONDRESTROM, GL",67.01667,-50.8,50.3,1970-06,17.9,",,,X",0,",,,X",7.8,",X"
GLW00016504,"SONDRESTROM, GL",67.01667,-50.8,50.3,1970-07,43.4,",,,X",0,",,,X",9.9,",X"
GLW00016504,"SONDRESTROM, GL",67.01667,-50.8,50.3,1970-08,35,",,,X",0,",,,X",7.6,",X"
GLW00016504,"SONDRESTROM, GL",67.01667,-50.8,50.3,1970-09,30.6,",,,X",57,",,,X",4.4,",X"
GLW00016504,"SONDRESTROM, GL",67.01667,-50.8,50.3,1970-10,34.7,",,,X",306,",,,X",-3.1,"2,X"
GLW00016504,"SONDRESTROM, GL",67.01667,-50.8,50.3,1970-11,15.8,",,,X",102,",,,X",-10.5,"2,X"
GLW00016504,"SONDRESTROM, GL",67.01667,-50.8,50.3,1970-12,10,",,,X",100,",,,X",-16.9,"2,X"
GLW00016504,"SONDRESTROM, GL",67.01667,-50.8,50.3,1975-12,,,,,-16.7,",E"
GLW00016504,"SONDRESTROM, GL",67.01667,-50.8,50.3,1976-01,,,,,-22.5,"1,E"
GLW00016504,"SONDRESTROM, GL",67.01667,-50.8,50.3,1976-02,,,,,-19.9,"1,E"
GLW00016504,"SONDRESTROM, GL",67.01667,-50.8,50.3,1976-03,,,,,-17.3,",E"
GLW00016504,"SONDRESTROM, GL",67.01667,-50.8,50.3,1976-04,,,,,-9.2,",E"
GLW00016504,"SONDRESTROM, GL",67.01667,-50.8,50.3,1976-05,,,,,2.2,",E"
GLW00016504,"SONDRESTROM, GL",67.01667,-50.8,50.3,1976-06,,,,,9.5,",E"
GLW00016504,"SONDRESTROM, GL",67.01667,-50.8,50.3,1976-07,,,,,11.3,"2,E"
GLW00016504,"SONDRESTROM, GL",67.01667,-50.8,50.3,1976-08,,,,,7.5,",E"
GLW00016504,"SONDRESTROM, GL",67.01667,-50.8,50.3,1976-09,,,,,6.5,",E"
GLW00016504,"SONDRESTROM, GL",67.01667,-50.8,50.3,1976-10,,,,,-4.4,",E"
GLW00016504,"SONDRESTROM, GL",67.01667,-50.8,50.3,1976-11,,,,,-9.8,",E"
GLW00016504,"SONDRESTROM, GL",67.01667,-50.8,50.3,1976-12,7.6,",,,E",,,-9.1,",E"
GLW00016504,"SONDRESTROM, GL",67.01667,-50.8,50.3,1977-01,6.8,",,,E",,,-13.4,",E"
GLW00016504,"SONDRESTROM, GL",67.01667,-50.8,50.3,1977-02,4.5,",,,E",,,-13.3,",E"
GLW00016504,"SONDRESTROM, GL",67.01667,-50.8,50.3,1977-03,2,",,,E",,,-10.7,",E"
GLW00016504,"SONDRESTROM, GL",67.01667,-50.8,50.3,1977-04,7,",,,E",,,-2.6,",E"
GLW00016504,"SONDRESTROM, GL",67.01667,-50.8,50.3,1977-05,8,",,,E",,,5.8,",E"
GLW00016504,"SONDRESTROM, GL",67.01667,-50.8,50.3,1977-06,29,",,,E",,,9,",E"
GLW00016504,"SONDRESTROM, GL",67.01667,-50.8,50.3,1977-07,16.4,",,,E",,,12,",E"
GLW00016504,"SONDRESTROM, GL",67.01667,-50.8,50.3,1977-08,0,",,,E",,,9.6,",E"
GLW00016504,"SONDRESTROM, GL",67.01667,-50.8,50.3,1977-09,28.3,",,,E",,,2.3,",E"
GLW00016504,"SONDRESTROM, GL",67.01667,-50.8,50.3,1977-10,13.7,",,,E",,,-5.2,"1,E"
GLW00016504,"SONDRESTROM, GL",67.01667,-50.8,50.3,1977-11,65.7,",,,E",,,-6.5,",E"
GLW00016504,"SONDRESTROM, GL",67.01667,-50.8,50.3,1977-12,13.6,",,,E",,,-15.8,",E"
GLW00016504,"SONDRESTROM, GL",67.01667,-50.8,50.3,1978-01,12.6,",,,E",,,-20.4,"1,E"
GLW00016504,"SONDRESTROM, GL",67.01667,-50.8,50.3,1978-02,5.1,",,,E",,,-22.1,",E"
GLW00016504,"SONDRESTROM, GL",67.01667,-50.8,50.3,1978-03,8.3,",,,E",,,-20.8,"2,E"
GLW00016504,"SONDRESTROM, GL",67.01667,-50.8,50.3,1978-04,8.7,",,,E",,,-9.1,",E"
GLW00016504,"SONDRESTROM, GL",67.01667,-50.8,50.3,1978-05,17.6,",,,E",,,0.9,",E"
GLW00016504,"SONDRESTROM, GL",67.01667,-50.8,50.3,1978-06,9.5,",,,E",,,6.1,",E"
GLW00016504,"SONDRESTROM, GL",67.01667,-50.8,50.3,1978-07,17.2,",,,E",,,11.9,",E"
GLW00016504,"SONDRESTROM, GL",67.01667,-50.8,50.3,1978-08,57.6,",,,E",,,9.1,",E"
GLW00016504,"SONDRESTROM, GL",67.01667,-50.8,50.3,1978-09,23.8,",,,E",,,4.1,",E"
GLW00016504,"SONDRESTROM, GL",67.01667,-50.8,50.3,1978-10,83.9,",,,E",,,-3.9,"2,E"
GLW00016504,"SONDRESTROM, GL",67.01667,-50.8,50.3,1978-11,16.4,",,,E",,,-19.5,"4,E"
GLW00016504,"SONDRESTROM, GL",67.01667,-50.8,50.3,1978-12,1.6,",,,E",,,-6,",E"
GLW00016504,"SONDRESTROM, GL",67.01667,-50.8,50.3,1979-01,14.5,",,,E",,,-12.4,"2,E"
GLW00016504,"SONDRESTROM, GL",67.01667,-50.8,50.3,1979-02,7.4,",,,E",,,-14.4,",E"
GLW00016504,"SONDRESTROM, GL",67.01667,-50.8,50.3,1979-03,5.4,",,,E",,,-12.2,"1,E"
GLW00016504,"SONDRESTROM, GL",67.01667,-50.8,50.3,1979-04,7.1,",,,E",,,-2.3,",E"
GLW00016504,"SONDRESTROM, GL",67.01667,-50.8,50.3,1979-05,25,",,,E",,,3.6,",E"
GLW00016504,"SONDRESTROM, GL",67.01667,-50.8,50.3,1979-06,46.5,",,,E",,,7.4,",E"
GLW00016504,"SONDRESTROM, GL",67.01667,-50.8,50.3,1979-07,50.1,",,,E",,,9.8,",E"
GLW00016504,"SONDRESTROM, GL",67.01667,-50.8,50.3,1979-08,0.8,",,,E",,,9.8,",E"
GLW00016504,"SONDRESTROM, GL",67.01667,-50.8,50.3,1979-09,34.4,",,,E",,,3.4,",E"
GLW00016504,"SONDRESTROM, GL",67.01667,-50.8,50.3,1979-10,12.4,",,,E",,,-3.6,",E"
GLW00016504,"SONDRESTROM, GL",67.01667,-50.8,50.3,1979-11,8,",,,E",,,-16.6,",E"
GLW00016504,"SONDRESTROM, GL",67.01667,-50.8,50.3,1979-12,12.4,",,,E",,,-20.6,",E"
GLW00016504,"SONDRESTROM, GL",67.01667,-50.8,50.3,1980-01,11.8,",,,E",,,-10.2,",E"
GLW00016504,"SONDRESTROM, GL",67.01667,-50.8,50.3,1980-02,4.1,",,,E",,,-16.4,",E"
GLW00016504,"SONDRESTROM, GL",67.01667,-50.8,50.3,1980-03,11.4,",,,E",,,-10.9,",E"
GLW00016504,"SONDRESTROM, GL",67.01667,-50.8,50.3,1980-04,14.4,",,,E",,,-8.2,",E"
GLW00016504,"SONDRESTROM, GL",67.01667,-50.8,50.3,1980-05,0,",,,E",,,5.3,"1,E"
GLW00016504,"SONDRESTROM, GL",67.01667,-50.8,50.3,1980-06,10.5,",,,E",,,10.4,",E"
GLW00016504,"SONDRESTROM, GL",67.01667,-50.8,50.3,1980-07,16.3,",,,E",,,11.6,",E"
GLW00016504,"SONDRESTROM, GL",67.01667,-50.8,50.3,1980-08,0.4,",,,E",,,10,",E"
GLW00016504,"SONDRESTROM, GL",67.01667,-50.8,50.3,1980-09,18.5,",,,E",,,4.3,",E"
GLW00016504,"SONDRESTROM, GL",67.01667,-50.8,50.3,1980-10,18.5,",,,E",,,-5.5,",E"
GLW00016504,"SONDRESTROM, GL",67.01667,-50.8,50.3,1980-11,5.7,",,,E",,,-9.8,",E"
GLW00016504,"SONDRESTROM, GL",67.01667,-50.8,50.3,1980-12,20,",,,E",,,-17.7,",E"
GLW00016504,"SONDRESTROM, GL",67.01667,-50.8,50.3,1981-01,14.3,",,,E",,,-20.4,",E"
GLW00016504,"SONDRESTROM, GL",67.01667,-50.8,50.3,1981-02,10.6,",,,E",,,-21.7,",E"
GLW00016504,"SONDRESTROM, GL",67.01667,-50.8,50.3,1981-03,5.9,",,,E",,,-17.8,",E"
GLW00016504,"SONDRESTROM, GL",67.01667,-50.8,50.3,1981-04,16.4,",,,E",,,-9.4,",E"
GLW00016504,"SONDRESTROM, GL",67.01667,-50.8,50.3,1981-05,5.1,",,,E",,,2.5,",E"
GLW00016504,"SONDRESTROM, GL",67.01667,-50.8,50.3,1981-06,13.5,",,,E",,,9.2,",E"
GLW00016504,"SONDRESTROM, GL",67.01667,-50.8,50.3,1981-07,56.8,",,,E",,,10.8,",E"
GLW00016504,"SONDRESTROM, GL",67.01667,-50.8,50.3,1981-08,43.3,",,,E",,,8.4,",E"
GLW00016504,"SONDRESTROM, GL",67.01667,-50.8,50.3,1981-09,24.1,",,,E",,,4.3,",E"
GLW00016504,"SONDRESTROM, GL",67.01667,-50.8,50.3,1981-10,6.7,",,,E",,,-4.4,",E"
GLW00016504,"SONDRESTROM, GL",67.01667,-50.8,50.3,1981-11,9.6,",,,E",,,-13.9,",E"
GLW00016504,"SONDRESTROM, GL",67.01667,-50.8,50.3,1981-12,0.8,",,,E",,,-13.5,"1,E"
GLW00016504,"SONDRESTROM, GL",67.01667,-50.8,50.3,1982-01,3.5,",,,E",,,,
GLW00016504,"SONDRESTROM, GL",67.01667,-50.8,50.3,1982-02,8.7,",,,E",,,,
GLW00016504,"SONDRESTROM, GL",67.01667,-50.8,50.3,1982-03,9,"3,,,E",,,,
GLW00016504,"SONDRESTROM, GL",67.01667,-50.8,50.3,1982-04,3.1,",,,E",,,-5.8,"2,E"
GLW00016504,"SONDRESTROM, GL",67.01667,-50.8,50.3,1982-05,13.5,",,,E",,,2.2,"2,E"
GLW00016504,"SONDRESTROM, GL",67.01667,-50.8,50.3,1982-06,3.8,",,,E",,,9.7,"2,E"
GLW00016504,"SONDRESTROM, GL",67.01667,-50.8,50.3,1982-07,83.5,",,,E",,,9.9,"6,E"
GLW00016504,"SONDRESTROM, GL",67.01667,-50.8,50.3,1982-08,31.5,",,,E",,,8.1,"1,E"
GLW00016504,"SONDRESTROM, GL",67.01667,-50.8,50.3,1982-09,20,",,,E",,,0.9,"1,E"
GLW00016504,"SONDRESTROM, GL",67.01667,-50.8,50.3,1982-10,15.1,",,,E",,,,
GLW00016504,"SONDRESTROM, GL",67.01667,-50.8,50.3,1982-11,6.1,"1,,,E",,,,
GLW00016504,"SONDRESTROM, GL",67.01667,-50.8,50.3,1982-12,10.2,",,,E",,,,
GLW00016504,"SONDRESTROM, GL",67.01667,-50.8,50.3,1983-01,1.1,",,,E",,,,
GLW00016504,"SONDRESTROM, GL",67.01667,-50.8,50.3,1983-02,7.2,",,,E",,,-23,"3,E"
GLW00016504,"SONDRESTROM, GL",67.01667,-50.8,50.3,1983-03,4.6,",,,E",,,-24.4,"2,E"
GLW00016504,"SONDRESTROM, GL",67.01667,-50.8,50.3,1983-04,30.3,",,,E",,,-9.5,"5,E"
GLW00016504,"SONDRESTROM, GL",67.01667,-50.8,50.3,1983-05,4.2,",,,E",,,2.5,"1,E"
GLW00016504,"SONDRESTROM, GL",67.01667,-50.8,50.3,1983-06,23.7,",,,E",,,8,",E"
GLW00016504,"SONDRESTROM, GL",67.01667,-50.8,50.3,1983-07,59.7,",,,E",,,8.9,"1,E"
GLW00016504,"SONDRESTROM, GL",67.01667,-50.8,50.3,1983-08,119.6,",,,E",,,6.5,"1,E"
GLW00016504,"SONDRESTROM, GL",67.01667,-50.8,50.3,1983-09,6.7,",,,E",,,2.6,"1,E"
GLW00016504,"SONDRESTROM, GL",67.01667,-50.8,50.3,1983-10,24.8,",,,E",,,-7.1,",E"
GLW00016504,"SONDRESTROM, GL",67.01667,-50.8,50.3,1983-11,46.9,",,,E",,,-13.3,",E"
GLW00016504,"SONDRESTROM, GL",67.01667,-50.8,50.3,1983-12,10,",,,E",,,-15,",E"
GLW00016504,"SONDRESTROM, GL",67.01667,-50.8,50.3,1984-01,7.2,",,,E",,,-29.2,",E"
GLW00016504,"SONDRESTROM, GL",67.01667,-50.8,50.3,1984-02,1.4,",,,E",,,-36.7,"3,E"
GLW00016504,"SONDRESTROM, GL",67.01667,-50.8,50.3,1984-03,3.9,",,,E",,,-18,",E"
GLW00016504,"SONDRESTROM, GL",67.01667,-50.8,50.3,1984-04,5.5,",,,E",,,-14.3,"3,E"
GLW00016504,"SONDRESTROM, GL",67.01667,-50.8,50.3,1984-05,22.8,",,,E",,,-1.6,",E"
GLW00016504,"SONDRESTROM, GL",67.01667,-50.8,50.3,1984-06,13.3,",,,E",,,8.8,",E"
GLW00016504,"SONDRESTROM, GL",67.01667,-50.8,50.3,1984-07,14.7,",,,E",,,11.6,"2,E"
GLW00016504,"SONDRESTROM, GL",67.01667,-50.8,50.3,1984-08,49.8,",,,E",,,8.6,",E"
GLW00016504,"SONDRESTROM, GL",67.01667,-50.8,50.3,1984-09,22.1,",,,E",,,2.7,"4,E"
GLW00016504,"SONDRESTROM, GL",67.01667,-50.8,50.3,1984-10,13.2,",,,E",,,-7.4,"3,E"
GLW00016504,"SONDRESTROM, GL",67.01667,-50.8,50.3,1984-11,15,",,,E",,,-11.3,",E"
GLW00016504,"SONDRESTROM, GL",67.01667,-50.8,50.3,1984-12,4.7,",,,E",,,-18.5,"1,E"
GLW00016504,"SONDRESTROM, GL",67.01667,-50.8,50.3,1985-01,4.7,",,,E",,,-8.7,"1,E"
GLW00016504,"SONDRESTROM, GL",67.01667,-50.8,50.3,1985-02,0.7,",,,E",,,-20.6,"2,E"
GLW00016504,"SONDRESTROM, GL",67.01667,-50.8,50.3,1985-03,4.3,",,,E",,,-13.2,"1,E"
GLW00016504,"SONDRESTROM, GL",67.01667,-50.8,50.3,1985-04,9.7,",,,E",,,-4.2,"1,E"
GLW00016504,"SONDRESTROM, GL",67.01667,-50.8,50.3,1985-05,2.8,",,,E",,,7.2,"1,E"
GLW00016504,"SONDRESTROM, GL",67.01667,-50.8,50.3,1985-06,44.1,",,,E",,,10.6,",E"
GLW00016504,"SONDRESTROM, GL",67.01667,-50.8,50.3,1985-07,17.1,",,,E",,,11.3,"2,E"
GLW00016504,"SONDRESTROM, GL",67.01667,-50.8,50.3,1985-08,21.6,",,,E",,,9.5,"1,E"
GLW00016504,"SONDRESTROM, GL",67.01667,-50.8,50.3,1985-09,11,",,,E",,,4.4,"1,E"
GLW00016504,"SONDRESTROM, GL",67.01667,-50.8,50.3,1985-10,2.4,",,,E",,,-8,"4,E"
GLW00016504,"SONDRESTROM, GL",67.01667,-50.8,50.3,1985-11,27.1,",,,E",,,-8.4,"3,E"
GLW00016504,"SONDRESTROM, GL",67.01667,-50.8,50.3,1985-12,0,"1,,,E",,,-11.6,"5,E"
GLW00016504,"SONDRESTROM, GL",67.01667,-50.8,50.3,1986-01,14.7,",,,E",,,-12.4,",E"
GLW00016504,"SONDRESTROM, GL",67.01667,-50.8,50.3,1986-02,0.4,",,,E",,,-6.2,"1,E"
GLW00016504,"SONDRESTROM, GL",67.01667,-50.8,50.3,1986-03,8,",,,E",,,-16.1,"1,E"
GLW00016504,"SONDRESTROM, GL",67.01667,-50.8,50.3,1986-04,28.4,",,,E",,,-7,"1,E"
GLW00016504,"SONDRESTROM, GL",67.01667,-50.8,50.3,1986-05,11.5,",,,E",,,2.5,"2,E"
GLW00016504,"SONDRESTROM, GL",67.01667,-50.8,50.3,1986-06,13.1,",,,E",,,8.4,",E"
GLW00016504,"SONDRESTROM, GL",67.01667,-50.8,50.3,1986-07,63,",,,E",,,11.1,"2,E"
GLW00016504,"SONDRESTROM, GL",67.01667,-50.8,50.3,1986-08,75.5,",,,E",,,9.3,"2,E"
GLW00016504,"SONDRESTROM, GL",67.01667,-50.8,50.3,1986-09,82.3,",,,E",,,6.3,"4,E"
GLW00016504,"SONDRESTROM, GL",67.01667,-50.8,50.3,1986-10,20,",,,E",,,-7.6,"1,E"
GLW00016504,"SONDRESTROM, GL",67.01667,-50.8,50.3,1986-11,7.5,",,,E",,,-18.8,",E"
GLW00016504,"SONDRESTROM, GL",67.01667,-50.8,50.3,1986-12,6.5,",,,E",,,-21.4,"1,E"
GLW00016504,"SONDRESTROM, GL",67.01667,-50.8,50.3,1987-01,12.4,",,,E",,,-16.2,",E"
GLW00016504,"SONDRESTROM, GL",67.01667,-50.8,50.3,1987-02,0.9,",,,E",,,-23.7,"3,E"
GLW00016504,"SONDRESTROM, GL",67.01667,-50.8,50.3,1987-03,6.6,",,,E",,,-16.5,"2,E"
GLW00016504,"SONDRESTROM, GL",67.01667,-50.8,50.3,1987-04,5.6,",,,E",,,-8.6,",E"
GLW00016504,"SONDRESTROM, GL",67.01667,-50.8,50.3,1987-05,9.2,",,,E",,,3.3,"2,E"
GLW00016504,"SONDRESTROM, GL",67.01667,-50.8,50.3,1987-06,23.9,",,,E",,,10.6,"3,E"
GLW00016504,"SONDRESTROM, GL",67.01667,-50.8,50.3,1987-07,25.7,",,,E",,,10.8,"1,E"
GLW00016504,"SONDRESTROM, GL",67.01667,-50.8,50.3,1987-08,15.2,",,,E",,,10.7,"1,E"
GLW00016504,"SONDRESTROM, GL",67.01667,-50.8,50.3,1987-09,29.4,",,,E",,,5,"1,E"
GLW00016504,"SONDRESTROM, GL",67.01667,-50.8,50.3,1987-10,33.5,",,,E",,,-5.4,"3,E"
GLW00016504,"SONDRESTROM, GL",67.01667,-50.8,50.3,1987-11,15.3,",,,E",,,-9,"1,E"
GLW00016504,"SONDRESTROM, GL",67.01667,-50.8,50.3,1987-12,14.1,",,,E",,,-21.4,"1,E"
GLW00016504,"SONDRESTROM, GL",67.01667,-50.8,50.3,1988-01,3.4,",,,E",,,-19.9,",E"
GLW00016504,"SONDRESTROM, GL",67.01667,-50.8,50.3,1988-02,13.7,",,,E",,,-12.5,",E"
GLW00016504,"SONDRESTROM, GL",67.01667,-50.8,50.3,1988-03,9.3,",,,E",,,-14,",E"
GLW00016504,"SONDRESTROM, GL",67.01667,-50.8,50.3,1988-04,3,",,,E",,,-7.2,"2,E"
GLW00016504,"SONDRESTROM, GL",67.01667,-50.8,50.3,1988-05,22.6,",,,E",,,3.6,"2,E"
GLW00016504,"SONDRESTROM, GL",67.01667,-50.8,50.3,1988-06,43.8,",,,E",,,7.3,"2,E"
GLW00016504,"SONDRESTROM, GL",67.01667,-50.8,50.3,1988-07,10.7,",,,E",,,11.6,",E"
GLW00016504,"SONDRESTROM, GL",67.01667,-50.8,50.3,1988-08,27.2,",,,E",,,9.8,"2,E"
GLW00016504,"SONDRESTROM, GL",67.01667,-50.8,50.3,1988-09,16.4,",,,E",,,3.8,"1,E"
GLW00016504,"SONDRESTROM, GL",67.01667,-50.8,50.3,1988-10,5.6,",,,E",,,-1.7,"1,E"
GLW00016504,"SONDRESTROM, GL",67.01667,-50.8,50.3,1988-11,11.4,",,,E",,,-9.4,"1,E"
GLW00016504,"SONDRESTROM, GL",67.01667,-50.8,50.3,1988-12,11.8,",,,E",,,-15.9,"3,E"
GLW00016504,"SONDRESTROM, GL",67.01667,-50.8,50.3,1989-01,24.2,",,,E",,,-25.7,",E"
GLW00016504,"SONDRESTROM, GL",67.01667,-50.8,50.3,1989-02,0.3,",,,E",,,-29.2,"3,E"
GLW00016504,"SONDRESTROM, GL",67.01667,-50.8,50.3,1989-03,0,",,,E",,,-23.2,",E"
GLW00016504,"SONDRESTROM, GL",67.01667,-50.8,50.3,1989-04,0.7,",,,E",,,-6.8,",E"
GLW00016504,"SONDRESTROM, GL",67.01667,-50.8,50.3,1989-05,16.4,",,,E",,,2,"1,E"
GLW00016504,"SONDRESTROM, GL",67.01667,-50.8,50.3,1989-06,34.1,",,,E",,,8.7,"2,E"
GLW00016504,"SONDRESTROM, GL",67.01667,-50.8,50.3,1989-07,38.6,",,,E",,,11.1,",E"
GLW00016504,"SONDRESTROM, GL",67.01667,-50.8,50.3,1989-08,39.1,",,,E",,,8.6,"1,E"
GLW00016504,"SONDRESTROM, GL",67.01667,-50.8,50.3,1989-09,32.2,",,,E",,,1.1,",E"
GLW00016504,"SONDRESTROM, GL",67.01667,-50.8,50.3,1989-10,18.6,",,,E",,,-9.1,"3,E"
GLW00016504,"SONDRESTROM, GL",67.01667,-50.8,50.3,1989-11,1.5,",,,E",,,-7.3,",E"
GLW00016504,"SONDRESTROM, GL",67.01667,-50.8,50.3,1989-12,4.4,",,,E",,,-16.2,"2,E"
GLW00016504,"SONDRESTROM, GL",67.01667,-50.8,50.3,1990-01,0.5,",,,E",,,-23.2,"1,E"
GLW00016504,"SONDRESTROM, GL",67.01667,-50.8,50.3,1990-02,0.6,",,,E",,,-24.6,"1,E"
GLW00016504,"SONDRESTROM, GL",67.01667,-50.8,50.3,1990-03,12,",,,E",,,-16.9,",E"
GLW00016504,"SONDRESTROM, GL",67.01667,-50.8,50.3,1990-04,17.5,",,,E",,,-9.7,",E"
GLW00016504,"SONDRESTROM, GL",67.01667,-50.8,50.3,1990-05,3.4,",,,E",,,3.6,"5,E"
GLW00016504,"SONDRESTROM, GL",67.01667,-50.8,50.3,1990-06,5,",,,E",,,10.8,"3,E"
GLW00016504,"SONDRESTROM, GL",67.01667,-50.8,50.3,1990-07,22.8,",,,E",,,12.5,"2,E"
GLW00016504,"SONDRESTROM, GL",67.01667,-50.8,50.3,1990-08,55.9,",,,E",,,8.9,"1,E"
GLW00016504,"SONDRESTROM, GL",67.01667,-50.8,50.3,1990-09,27.4,",,,E",,,3.7,"4,E"
GLW00016504,"SONDRESTROM, GL",67.01667,-50.8,50.3,1990-10,37.9,",,,E",,,-6.8,"4,E"
GLW00016504,"SONDRESTROM, GL",67.01667,-50.8,50.3,1990-11,43.3,",,,E",,,-7.9,"4,E"
GLW00016504,"SONDRESTROM, GL",67.01667,-50.8,50.3,1990-12,14.8,",,,E",,,-17.2,"1,E"
GLW00016504,"SONDRESTROM, GL",67.01667,-50.8,50.3,1991-01,5.6,",,,E",,,-23.7,"4,E"
GLW00016504,"SONDRESTROM, GL",67.01667,-50.8,50.3,1991-02,6.8,",,,E",,,-16.3,",E"
GLW00016504,"SONDRESTROM, GL",67.01667,-50.8,50.3,1991-03,15.6,",,,E",,,-12.9,"1,E"
GLW00016504,"SONDRESTROM, GL",67.01667,-50.8,50.3,1991-04,1.4,",,,E",,,-9.9,"1,E"
GLW00016504,"SONDRESTROM, GL",67.01667,-50.8,50.3,1991-05,20.1,",,,E",,,2.1,"2,E"
GLW00016504,"SONDRESTROM, GL",67.01667,-50.8,50.3,1991-06,22.6,",,,E",,,11.2,"2,E"
GLW00016504,"SONDRESTROM, GL",67.01667,-50.8,50.3,1991-07,24.5,",,,E",,,12.3,"2,E"
GLW00016504,"SONDRESTROM, GL",67.01667,-50.8,50.3,1991-08,121.9,",,,E",,,7.5,",E"
GLW00016504,"SONDRESTROM, GL",67.01667,-50.8,50.3,1991-09,16,",,,E",,,4,",E"
GLW00016504,"SONDRESTROM, GL",67.01667,-50.8,50.3,1991-10,39.9,",,,E",,,-3.4,"2,E"
GLW00016504,"SONDRESTROM, GL",67.01667,-50.8,50.3,1991-11,26.7,",,,E",,,-15.4,",E"
GLW00016504,"SONDRESTROM, GL",67.01667,-50.8,50.3,1991-12,5.3,",,,E",,,-12.8,"1,E"
GLW00016504,"SONDRESTROM, GL",67.01667,-50.8,50.3,1992-01,11.6,",,,E",,,-14.1,"2,E"
GLW00016504,"SONDRESTROM, GL",67.01667,-50.8,50.3,1992-02,6.2,",,,E",,,-30.7,"2,E"
GLW00016504,"SONDRESTROM, GL",67.01667,-50.8,50.3,1992-03,12,",,,E",,,-19.6,"1,E"
GLW00016504,"SONDRESTROM, GL",67.01667,-50.8,50.3,1992-04,1.8,",,,E",,,-12.7,",E"
GLW00016504,"SONDRESTROM, GL",67.01667,-50.8,50.3,1992-05,17,",,,E",,,-2.1,"5,E"
GLW00016504,"SONDRESTROM, GL",67.01667,-50.8,50.3,1992-06,2.6,",,,E",,,6.5,",E"
GLW00016504,"SONDRESTROM, GL",67.01667,-50.8,50.3,1992-07,22.8,",,,E",,,11,"1,E"
GLW00016504,"SONDRESTROM, GL",67.01667,-50.8,50.3,1992-08,32.3,",,,E",,,8.4,"2,E"
GLW00016504,"SONDRESTROM, GL",67.01667,-50.8,50.3,1992-09,50.4,",,,E",,,2.3,"1,E"
GLW00016504,"SONDRESTROM, GL",67.01667,-50.8,50.3,1992-10,15.1,",,,E",,,-0.2,",E"
GLW00016504,"SONDRESTROM, GL",67.01667,-50.8,50.3,1992-11,3.7,",,,E",,,-14.5,"1,E"
GLW00016504,"SONDRESTROM, GL",67.01667,-50.8,50.3,1992-12,13.8,",,,E",,,-21,"2,E"
GLW00016504,"SONDRESTROM, GL",67.01667,-50.8,50.3,1993-01,2.9,",,,E",,,-28,"3,E"
GLW00016504,"SONDRESTROM, GL",67.01667,-50.8,50.3,1993-02,10,",,,E",,,-22.7,"2,E"
GLW00016504,"SONDRESTROM, GL",67.01667,-50.8,50.3,1993-03,1.9,",,,E",,,-28.8,",E"
GLW00016504,"SONDRESTROM, GL",67.01667,-50.8,50.3,1993-04,11.1,",,,E",,,-9.1,",E"
GLW00016504,"SONDRESTROM, GL",67.01667,-50.8,50.3,1993-05,8.5,",,,E",,,1.3,"1,E"
GLW00016504,"SONDRESTROM, GL",67.01667,-50.8,50.3,1993-06,24.1,",,,E",,,9.9,",E"
GLW00016504,"SONDRESTROM, GL",67.01667,-50.8,50.3,1993-07,74.6,",,,E",,,10.9,"2,E"
GLW00016504,"SONDRESTROM, GL",67.01667,-50.8,50.3,1993-08,32,",,,E",,,8.9,"1,E"
GLW00016504,"SONDRESTROM, GL",67.01667,-50.8,50.3,1993-09,19,",,,E",,,6.4,",E"
GLW00016504,"SONDRESTROM, GL",67.01667,-50.8,50.3,1993-10,10.8,",,,E",,,-0.1,",E"
GLW00016504,"SONDRESTROM, GL",67.01667,-50.8,50.3,1993-11,16.8,",,,E",,,-15,"3,E"
GLW00016504,"SONDRESTROM, GL",67.01667,-50.8,50.3,1993-12,6.3,",,,E",,,-22.7,"3,E"
GLW00016504,"SONDRESTROM, GL",67.01667,-50.8,50.3,1994-01,3.8,",,,E",,,-23.4,"1,E"
GLW00016504,"SONDRESTROM, GL",67.01667,-50.8,50.3,1994-02,9,",,,E",,,-20,"1,E"
GLW00016504,"SONDRESTROM, GL",67.01667,-50.8,50.3,1994-03,1.9,",,,E",,,-21.1,",E"
GLW00016504,"SONDRESTROM, GL",67.01667,-50.8,50.3,1994-04,1.1,",,,E",,,-4.6,",E"
GLW00016504,"SONDRESTROM, GL",67.01667,-50.8,50.3,1994-05,9.2,",,,E",,,7,",E"
GLW00016504,"SONDRESTROM, GL",67.01667,-50.8,50.3,1994-06,59.5,",,,E",,,8.5,"3,E"
GLW00016504,"SONDRESTROM, GL",67.01667,-50.8,50.3,1994-07,23.8,",,,E",,,11.3,",E"
GLW00016504,"SONDRESTROM, GL",67.01667,-50.8,50.3,1994-08,40.9,",,,E",,,9.6,"1,E"
GLW00016504,"SONDRESTROM, GL",67.01667,-50.8,50.3,1994-09,44.9,",,,E",,,1.5,",E"
GLW00016504,"SONDRESTROM, GL",67.01667,-50.8,50.3,1994-10,43.9,",,,E",,,-6.1,"1,E"
GLW00016504,"SONDRESTROM, GL",67.01667,-50.8,50.3,1994-11,14.1,",,,E",,,-13.7,",E"
GLW00016504,"SONDRESTROM, GL",67.01667,-50.8,50.3,1994-12,13.1,",,,E",,,-22.3,",E"
GLW00016504,"SONDRESTROM, GL",67.01667,-50.8,50.3,1995-01,7.8,",,,E",,,-29.6,"1,E"
GLW00016504,"SONDRESTROM, GL",67.01667,-50.8,50.3,1995-02,0.5,",,,E",,,-25.3,",E"
GLW00016504,"SONDRESTROM, GL",67.01667,-50.8,50.3,1995-03,1.3,",,,E",,,-24.6,"1,E"
GLW00016504,"SONDRESTROM, GL",67.01667,-50.8,50.3,1995-04,1.7,",,,E",,,-4.3,"1,E"
GLW00016504,"SONDRESTROM, GL",67.01667,-50.8,50.3,1995-05,0,",,,E",,,6.5,"1,E"
GLW00016504,"SONDRESTROM, GL",67.01667,-50.8,50.3,1995-06,18.9,",,,E",,,11.4,"1,E"
GLW00016504,"SONDRESTROM, GL",67.01667,-50.8,50.3,1995-07,24,",,,E",,,12.3,",E"
GLW00016504,"SONDRESTROM, GL",67.01667,-50.8,50.3,1995-08,77.7,",,,E",,,8.8,",E"
GLW00016504,"SONDRESTROM, GL",67.01667,-50.8,50.3,1995-09,4.4,",,,E",,,6.8,",E"
GLW00016504,"SONDRESTROM, GL",67.01667,-50.8,50.3,1995-10,23.8,",,,E",,,-7.8,"1,E"
GLW00016504,"SONDRESTROM, GL",67.01667,-50.8,50.3,1995-11,6.1,",,,E",,,-3,"2,E"
GLW00016504,"SONDRESTROM, GL",67.01667,-50.8,50.3,1995-12,19.7,",,,E",,,-16.4,"1,E"
GLW00016504,"SONDRESTROM, GL",67.01667,-50.8,50.3,1996-01,7.8,",,,E",,,-15.6,"2,E"
GLW00016504,"SONDRESTROM, GL",67.01667,-50.8,50.3,1996-02,26.5,",,,E",,,-14.7,"2,E"
GLW00016504,"SONDRESTROM, GL",67.01667,-50.8,50.3,1996-03,8.7,",,,E",,,-9.2,",E"
GLW00016504,"SONDRESTROM, GL",67.01667,-50.8,50.3,1996-04,13.8,",,,E",,,-2.3,",E"
GLW00016504,"SONDRESTROM, GL",67.01667,-50.8,50.3,1996-05,45.6,",,,E",,,7,",E"
GLW00016504,"SONDRESTROM, GL",67.01667,-50.8,50.3,1996-06,5.5,",,,E",,,9.4,",E"
GLW00016504,"SONDRESTROM, GL",67.01667,-50.8,50.3,1996-07,70.2,",,,E",,,10.9,"3,E"
GLW00016504,"SONDRESTROM, GL",67.01667,-50.8,50.3,1996-08,41.9,",,,E",,,8,"1,E"
GLW00016504,"SONDRESTROM, GL",67.01667,-50.8,50.3,1996-09,45.1,",,,E",,,3.2,"3,E"
GLW00016504,"SONDRESTROM, GL",67.01667,-50.8,50.3,1996-10,31.1,",,,E",,,-6.5,"1,E"
GLW00016504,"SONDRESTROM, GL",67.01667,-50.8,50.3,1996-11,17.3,",,,E",,,-11.9,"1,E"
GLW00016504,"SONDRESTROM, GL",67.01667,-50.8,50.3,1996-12,5.6,",,,E",,,-10.2,"1,E"
GLW00016504,"SONDRESTROM, GL",67.01667,-50.8,50.3,1997-01,5.7,",,,E",,,-10.6,",E"
GLW00016504,"SONDRESTROM, GL",67.01667,-50.8,50.3,1997-02,0.9,",,,E",,,-23.3,"1,E"
GLW00016504,"SONDRESTROM, GL",67.01667,-50.8,50.3,1997-03,13.2,",,,E",,,-17.6,"1,E"
GLW00016504,"SONDRESTROM, GL",67.01667,-50.8,50.3,1997-04,2.9,",,,E",,,-7.3,"3,E"
GLW00016504,"SONDRESTROM, GL",67.01667,-50.8,50.3,1997-05,11.7,",,,E",,,5.9,",E"
GLW00016504,"SONDRESTROM, GL",67.01667,-50.8,50.3,1997-06,3.6,",,,E",,,11.8,",E"
GLW00016504,"SONDRESTROM, GL",67.01667,-50.8,50.3,1997-07,92.5,",,,E",,,10.5,"1,E"
GLW00016504,"SONDRESTROM, GL",67.01667,-50.8,50.3,1997-08,81,",,,E",,,8.2,",E"
GLW00016504,"SONDRESTROM, GL",67.01667,-50.8,50.3,1997-09,58,",,,E",,,3.9,"1,E"
GLW00016504,"SONDRESTROM, GL",67.01667,-50.8,50.3,1997-10,29.3,",,,E",,,-2.5,"2,E"
GLW00016504,"SONDRESTROM, GL",67.01667,-50.8,50.3,1997-11,14.9,",,,E",,,-10.6,"4,E"
GLW00016504,"SONDRESTROM, GL",67.01667,-50.8,50.3,1997-12,10.2,",,,E",,,-11.1,",E"
GLW00016504,"SONDRESTROM, GL",67.01667,-50.8,50.3,1998-01,9.8,",,,E",,,-13.7,"1,E"
GLW00016504,"SONDRESTROM, GL",67.01667,-50.8,50.3,1998-02,10.5,",,,E",,,-21.2,",E"
GLW00016504,"SONDRESTROM, GL",67.01667,-50.8,50.3,1998-03,14.2,",,,E",,,-16,"1,E"
GLW00016504,"SONDRESTROM, GL",67.01667,-50.8,50.3,1998-04,6.5,",,,E",,,-2.2,"3,E"
GLW00016504,"SONDRESTROM, GL",67.01667,-50.8,50.3,1998-05,0,"5,,,E",,,4.4,"1,E"
GLW00016504,"SONDRESTROM, GL",67.01667,-50.8,50.3,1998-06,3.7,",,,E",,,11.5,"1,E"
GLW00016504,"SONDRESTROM, GL",67.01667,-50.8,50.3,1998-07,51.9,",,,E",,,11.8,"2,E"
GLW00016504,"SONDRESTROM, GL",67.01667,-50.8,50.3,1998-08,89.1,",,,E",,,9.3,"3,E"
GLW00016504,"SONDRESTROM, GL",67.01667,-50.8,50.3,1998-09,5.3,",,,E",,,5.3,",E"
GLW00016504,"SONDRESTROM, GL",67.01667,-50.8,50.3,1998-10,20.7,",,,E",,,-4.3,"1,E"
GLW00016504,"SONDRESTROM, GL",67.01667,-50.8,50.3,1998-11,23.3,",,,E",,,-10.7,"1,E"
GLW00016504,"SONDRESTROM, GL",67.01667,-50.8,50.3,1998-12,14.2,",,,E",,,-9.9,",E"
GLW00016504,"SONDRESTROM, GL",67.01667,-50.8,50.3,1999-01,11.1,",,,E",,,-19.1,"1,E"
GLW00016504,"SONDRESTROM, GL",67.01667,-50.8,50.3,1999-02,8.5,",,,E",,,-22,"1,E"
GLW00016504,"SONDRESTROM, GL",67.01667,-50.8,50.3,1999-03,9.4,",,,E",,,-15,"2,E"
GLW00016504,"SONDRESTROM, GL",67.01667,-50.8,50.3,1999-04,6.9,",,,E",,,-1.8,"1,E"
GLW00016504,"SONDRESTROM, GL",67.01667,-50.8,50.3,1999-05,12.9,",,,E",,,-0.4,"3,E"
GLW00016504,"SONDRESTROM, GL",67.01667,-50.8,50.3,1999-06,61,",,,E",,,7.6,"2,E"
GLW00016504,"SONDRESTROM, GL",67.01667,-50.8,50.3,1999-07,2,"1,,,E",,,12.4,"3,E"
GLW00016504,"SONDRESTROM, GL",67.01667,-50.8,50.3,1999-08,22.9,"2,,,E",,,10.3,"5,E"
GLW00016504,"SONDRESTROM, GL",67.01667,-50.8,50.3,1999-09,16.1,",,,E",,,2.4,"2,E"
GLW00016504,"SONDRESTROM, GL",67.01667,-50.8,50.3,1999-10,7.6,",,,E",,,-4,"4,E"
GLW00016504,"SONDRESTROM, GL",67.01667,-50.8,50.3,1999-11,7.3,",,,E",,,-13.3,"1,E"
GLW00016504,"SONDRESTROM, GL",67.01667,-50.8,50.3,1999-12,20.4,",,,E",,,-13.3,",E"
GLW00016504,"SONDRESTROM, GL",67.01667,-50.8,50.3,2000-01,42.3,",,,E",,,-14.2,"2,E"
GLW00016504,"SONDRESTROM, GL",67.01667,-50.8,50.3,2000-02,0.9,",,,E",,,-19.2,"1,E"
GLW00016504,"SONDRESTROM, GL",67.01667,-50.8,50.3,2000-03,1.9,",,,E",,,-15.7,"1,E"
GLW00016504,"SONDRESTROM, GL",67.01667,-50.8,50.3,2000-04,6.6,",,,E",,,1.1,"1,E"
GLW00016504,"SONDRESTROM, GL",67.01667,-50.8,50.3,2000-05,18.4,",,,E",,,2.4,"2,E"
GLW00016504,"SONDRESTROM, GL",67.01667,-50.8,50.3,2000-06,2,",,,E",,,11.5,"1,E"
GLW00016504,"SONDRESTROM, GL",67.01667,-50.8,50.3,2000-07,59.2,",,,E",,,10.9,"1,E"
GLW00016504,"SONDRESTROM, GL",67.01667,-50.8,50.3,2000-08,45.8,"1,,,E",,,10,"4,E"
GLW00016504,"SONDRESTROM, GL",67.01667,-50.8,50.3,2000-09,70,",,,E",,,6.5,",E"
GLW00016504,"SONDRESTROM, GL",67.01667,-50.8,50.3,2000-10,35.3,",,,E",,,-5.4,",E"
GLW00016504,"SONDRESTROM, GL",67.01667,-50.8,50.3,2000-11,24,",,,E",,,-7.7,",E"
GLW00016504,"SONDRESTROM, GL",67.01667,-50.8,50.3,2000-12,6,",,,E",,,-15.7,",E"
GLW00016504,"SONDRESTROM, GL",67.01667,-50.8,50.3,2001-01,23.8,",,,E",,,-18.6,"1,E"
GLW00016504,"SONDRESTROM, GL",67.01667,-50.8,50.3,2001-02,15.1,",,,E",,,-19.2,",E"
GLW00016504,"SONDRESTROM, GL",67.01667,-50.8,50.3,2001-03,6.5,",,,E",,,-16.4,",E"
GLW00016504,"SONDRESTROM, GL",67.01667,-50.8,50.3,2001-04,26.5,",,,E",,,-5.1,",E"
GLW00016504,"SONDRESTROM, GL",67.01667,-50.8,50.3,2001-05,47.7,",,,E",,,3.4,"1,E"
GLW00016504,"SONDRESTROM, GL",67.01667,-50.8,50.3,2001-06,23.9,",,,E",,,10.2,",E"
GLW00016504,"SONDRESTROM, GL",67.01667,-50.8,50.3,2001-07,27.4,",,,E",,,11.8,",E"
GLW00016504,"SONDRESTROM, GL",67.01667,-50.8,50.3,2001-08,18.9,",,,E",,,10.9,",E"
GLW00016504,"SONDRESTROM, GL",67.01667,-50.8,50.3,2001-09,13.5,",,,E",,,5.6,"1,E"
GLW00016504,"SONDRESTROM, GL",67.01667,-50.8,50.3,2001-10,14.8,",,,E",,,-2.4,",E"
GLW00016504,"SONDRESTROM, GL",67.01667,-50.8,50.3,2001-11,52.6,",,,E",,,-9.9,",E"
GLW00016504,"SONDRESTROM, GL",67.01667,-50.8,50.3,2001-12,19.5,",,,E",,,-16.9,"2,E"
GLW00016504,"SONDRESTROM, GL",67.01667,-50.8,50.3,2002-01,22.9,",,,E",,,-16.6,",E"
GLW00016504,"SONDRESTROM, GL",67.01667,-50.8,50.3,2002-02,2.5,",,,E",,,-26.2,"1,E"
GLW00016504,"SONDRESTROM, GL",67.01667,-50.8,50.3,2002-03,1.6,",,,E",,,-19.2,"1,E"
GLW00016504,"SONDRESTROM, GL",67.01667,-50.8,50.3,2002-04,10.1,",,,E",,,-10.9,"1,E"
GLW00016504,"SONDRESTROM, GL",67.01667,-50.8,50.3,2002-05,0.7,",,,E",,,4.9,"1,E"
GLW00016504,"SONDRESTROM, GL",67.01667,-50.8,50.3,2002-06,9.5,",,,E",,,11,",E"
GLW00016504,"SONDRESTROM, GL",67.01667,-50.8,50.3,2002-07,53.5,",,,E",,,10.2,",E"
GLW00016504,"SONDRESTROM, GL",67.01667,-50.8,50.3,2002-08,32.8,",,,E",,,7.9,"1,E"
GLW00016504,"SONDRESTROM, GL",67.01667,-50.8,50.3,2002-09,17.1,",,,E",,,6.2,",E"
GLW00016504,"SONDRESTROM, GL",67.01667,-50.8,50.3,2002-10,7.8,",,,E",,,-5,"1,E"
GLW00016504,"SONDRESTROM, GL",67.01667,-50.8,50.3,2002-11,16.4,",,,E",,,-10.4,"1,E"
GLW00016504,"SONDRESTROM, GL",67.01667,-50.8,50.3,2002-12,9.2,",,,E",,,-12.4,",E"
GLW00016504,"SONDRESTROM, GL",67.01667,-50.8,50.3,2003-01,4,",,,E",,,-11.9,"2,E"
GLW00016504,"SONDRESTROM, GL",67.01667,-50.8,50.3,2003-02,6.6,",,,E",,,-21.6,"1,E"
GLW00016504,"SONDRESTROM, GL",67.01667,-50.8,50.3,2003-03,1.1,",,,E",,,-10.7,"1,E"
GLW00016504,"SONDRESTROM, GL",67.01667,-50.8,50.3,2003-04,13.6,",,,E",,,-5.9,"1,E"
GLW00016504,"SONDRESTROM, GL",67.01667,-50.8,50.3,2003-05,23.6,",,,E",,,4.9,"1,E"
GLW00016504,"SONDRESTROM, GL",67.01667,-50.8,50.3,2003-06,2.3,",,,E",,,11.6,",E"
GLW00016504,"SONDRESTROM, GL",67.01667,-50.8,50.3,2003-07,27.3,",,,E",,,11.5,"2,E"
GLW00016504,"SONDRESTROM, GL",67.01667,-50.8,50.3,2003-08,60.4,",,,E",,,10.1,"1,E"
GLW00016504,"SONDRESTROM, GL",67.01667,-50.8,50.3,2003-09,66.9,",,,E",,,6.8,"2,E"
GLW00016504,"SONDRESTROM, GL",67.01667,-50.8,50.3,2003-10,44.9,",,,E",,,0.1,",E"
GLW00016504,"SONDRESTROM, GL",67.01667,-50.8,50.3,2003-11,13.3,",,,E",,,-12.6,",E"
GLW00016504,"SONDRESTROM, GL",67.01667,-50.8,50.3,2003-12,30.6,",,,E",,,-9.9,"1,E"
GLW00016504,"SONDRESTROM, GL",67.01667,-50.8,50.3,2004-01,9.7,",,,E",,,-20.8,"1,E"
GLW00016504,"SONDRESTROM, GL",67.01667,-50.8,50.3,2004-02,14.5,",,,E",,,-16.4,",E"
GLW00016504,"SONDRESTROM, GL",67.01667,-50.8,50.3,2004-03,9.3,",,,E",,,-20.1,"1,E"
GLW00016504,"SONDRESTROM, GL",67.01667,-50.8,50.3,2004-04,11,",,,E",,,-7.7,"1,E"
GLW00016504,"SONDRESTROM, GL",67.01667,-50.8,50.3,2004-05,7.5,",,,E",,,6.4,",E"
GLW00016504,"SONDRESTROM, GL",67.01667,-50.8,50.3,2004-06,41.2,",,,E",,,11.4,"1,E"
GLW00016504,"SONDRESTROM, GL",67.01667,-50.8,50.3,2004-07,37.7,",,,E",,,10.2,",E"
GLW00016504,"SONDRESTROM, GL",67.01667,-50.8,50.3,2004-08,26.7,",,,E",,,9.4,"2,E"
GLW00016504,"SONDRESTROM, GL",67.01667,-50.8,50.3,2004-09,25.3,",,,E",,,3.4,"1,E"
GLW00016504,"SONDRESTROM, GL",67.01667,-50.8,50.3,2004-10,8.8,",,,E",,,-0.8,",E"
GLW00016504,"SONDRESTROM, GL",67.01667,-50.8,50.3,2004-11,40.8,",,,E",,,-9.2,",E"
GLW00016504,"SONDRESTROM, GL",67.01667,-50.8,50.3,2004-12,23.1,",,,E",,,-19.8,",E"
GLW00016504,"SONDRESTROM, GL",67.01667,-50.8,50.3,2005-01,9.4,",,,E",,,-19.1,"2,E"
GLW00016504,"SONDRESTROM, GL",67.01667,-50.8,50.3,2005-02,6.1,",,,E",,,-9.4,",E"
GLW00016504,"SONDRESTROM, GL",67.01667,-50.8,50.3,2005-03,2.5,",,,E",,,-3.3,"1,E"
GLW00016504,"SONDRESTROM, GL",67.01667,-50.8,50.3,2005-04,45.6,",,,E",,,-4.4,",E"
GLW00016504,"SONDRESTROM, GL",67.01667,-50.8,50.3,2005-05,52.1,",,,E",,,3.1,"1,E"
GLW00016504,"SONDRESTROM, GL",67.01667,-50.8,50.3,2005-06,12,",,,E",,,10.8,",E"
GLW00016504,"SONDRESTROM, GL",67.01667,-50.8,50.3,2005-07,80.8,",,,E",,,11.5,",E"
GLW00016504,"SONDRESTROM, GL",67.01667,-50.8,50.3,2005-08,16.1,",,,E",,,9.2,",E"
GLW00016504,"SONDRESTROM, GL",67.01667,-50.8,50.3,2005-09,14.9,",,,E",,,2.3,"1,E"
GLW00016504,"SONDRESTROM, GL",67.01667,-50.8,50.3,2005-10,13.6,",,,E",,,-6.1,",E"
GLW00016504,"SONDRESTROM, GL",67.01667,-50.8,50.3,2005-11,19.6,",,,E",,,-6.6,",E"
GLW00016504,"SONDRESTROM, GL",67.01667,-50.8,50.3,2005-12,6.2,",,,E",,,-13.5,",E"
GLW00016504,"SONDRESTROM, GL",67.01667,-50.8,50.3,2006-01,26.8,",,,E",,,-23.6,",E"
GLW00016504,"SONDRESTROM, GL",67.01667,-50.8,50.3,2006-02,4.1,",,,E",,,-17.5,",E"
GLW00016504,"SONDRESTROM, GL",67.01667,-50.8,50.3,2006-03,0.1,",,,E",,,-9,",E"
GLW00016504,"SONDRESTROM, GL",67.01667,-50.8,50.3,2006-04,24.7,",,,E",,,-5.3,",E"
GLW00016504,"SONDRESTROM, GL",67.01667,-50.8,50.3,2006-05,40.4,",,,E",,,5.6,",E"
GLW00016504,"SONDRESTROM, GL",67.01667,-50.8,50.3,2006-06,50,",,,E",,,8.9,",E"
GLW00016504,"SONDRESTROM, GL",67.01667,-50.8,50.3,2006-07,9.4,",,,E",,,11.3,",E"
GLW00016504,"SONDRESTROM, GL",67.01667,-50.8,50.3,2006-08,33.9,",,,E",,,10.2,"1,E"
GLW00016504,"SONDRESTROM, GL",67.01667,-50.8,50.3,2006-09,25.1,",,,E",,,5.7,",E"
GLW00016504,"SONDRESTROM, GL",67.01667,-50.8,50.3,2006-10,9.4,",,,E",,,-3,"2,E"
GLW00016504,"SONDRESTROM, GL",67.01667,-50.8,50.3,2006-11,1.5,",,,E",,,-14.4,"1,E"
GLW00016504,"SONDRESTROM, GL",67.01667,-50.8,50.3,2006-12,28,",,,E",,,-17.2,"1,E"
GLW00016504,"SONDRESTROM, GL",67.01667,-50.8,50.3,2007-01,16.4,",,,E",,,-16.9,"2,E"
GLW00016504,"SONDRESTROM, GL",67.01667,-50.8,50.3,2007-02,1.8,",,,E",,,-9.2,",E"
GLW00016504,"SONDRESTROM, GL",67.01667,-50.8,50.3,2007-03,3.9,",,,E",,,-13.4,",E"
GLW00016504,"SONDRESTROM, GL",67.01667,-50.8,50.3,2007-04,20.4,",,,E",,,-9,",E"
GLW00016504,"SONDRESTROM, GL",67.01667,-50.8,50.3,2007-05,7.8,",,,E",,,3,",E"
GLW00016504,"SONDRESTROM, GL",67.01667,-50.8,50.3,2007-06,27.9,",,,E",,,11.3,",E"
GLW00016504,"SONDRESTROM, GL",67.01667,-50.8,50.3,2007-07,84.9,",,,E",,,11.9,",E"
GLW00016504,"SONDRESTROM, GL",67.01667,-50.8,50.3,2007-08,69.6,",,,E",,,10.1,"1,E"
GLW00016504,"SONDRESTROM, GL",67.01667,-50.8,50.3,2007-09,28.2,",,,E",,,2.6,",E"
GLW00016504,"SONDRESTROM, GL",67.01667,-50.8,50.3,2007-10,20.8,",,,E",,,-6.9,",E"
GLW00016504,"SONDRESTROM, GL",67.01667,-50.8,50.3,2007-11,37.2,",,,E",,,-11.2,",E"
GLW00016504,"SONDRESTROM, GL",67.01667,-50.8,50.3,2007-12,13.4,",,,E",,,-17.6,",E"
GLW00016504,"SONDRESTROM, GL",67.01667,-50.8,50.3,2008-01,5.9,",,,E",,,-22.6,"2,E"
GLW00016504,"SONDRESTROM, GL",67.01667,-50.8,50.3,2008-02,14.6,",,,E",,,-22.8,",E"
GLW00016504,"SONDRESTROM, GL",67.01667,-50.8,50.3,2008-03,5.8,",,,E",,,-14.9,"1,E"
GLW00016504,"SONDRESTROM, GL",67.01667,-50.8,50.3,2008-04,15.7,",,,E",,,-3.2,",E"
GLW00016504,"SONDRESTROM, GL",67.01667,-50.8,50.3,2008-05,34.6,",,,E",,,6,",E"
GLW00016504,"SONDRESTROM, GL",67.01667,-50.8,50.3,2008-06,5.8,",,,E",,,11.1,",E"
GLW00016504,"SONDRESTROM, GL",67.01667,-50.8,50.3,2008-07,18.8,",,,E",,,12.1,",E"
GLW00016504,"SONDRESTROM, GL",67.01667,-50.8,50.3,2008-08,81.6,",,,E",,,8.5,"1,E"
GLW00016504,"SONDRESTROM, GL",67.01667,-50.8,50.3,2008-09,63.5,",,,E",,,3.9,",E"
GLW00016504,"SONDRESTROM, GL",67.01667,-50.8,50.3,2008-10,22.8,",,,E",,,-4,",E"
GLW00016504,"SONDRESTROM, GL",67.01667,-50.8,50.3,2008-11,27.5,",,,E",,,-9.4,"1,E"
GLW00016504,"SONDRESTROM, GL",67.01667,-50.8,50.3,2008-12,10,",,,E",,,-15.4,"1,E"
GLW00016504,"SONDRESTROM, GL",67.01667,-50.8,50.3,2009-01,7.4,",,,E",,,-15.2,",E"
GLW00016504,"SONDRESTROM, GL",67.01667,-50.8,50.3,2009-02,2,",,,E",,,-13.6,",E"
GLW00016504,"SONDRESTROM, GL",67.01667,-50.8,50.3,2009-03,2.7,",,,E",,,-19.2,",E"
GLW00016504,"SONDRESTROM, GL",67.01667,-50.8,50.3,2009-04,6.1,",,,E",,,-6.6,",E"
GLW00016504,"SONDRESTROM, GL",67.01667,-50.8,50.3,2009-05,1,",,,E",,,3.4,",E"
GLW00016504,"SONDRESTROM, GL",67.01667,-50.8,50.3,2009-06,12.3,",,,E",,,10.5,"2,E"
GLW00016504,"SONDRESTROM, GL",67.01667,-50.8,50.3,2009-07,22.2,",,,E",,,11.3,",E"
GLW00016504,"SONDRESTROM, GL",67.01667,-50.8,50.3,2009-08,25.2,",,,E",,,9.6,",E"
GLW00016504,"SONDRESTROM, GL",67.01667,-50.8,50.3,2009-09,28.1,",,,E",,,2.9,"2,E"
GLW00016504,"SONDRESTROM, GL",67.01667,-50.8,50.3,2009-10,26.9,",,,E",,,-5.9,",E"
GLW00016504,"SONDRESTROM, GL",67.01667,-50.8,50.3,2009-11,11.5,",,,E",,,-16.6,",E"
GLW00016504,"SONDRESTROM, GL",67.01667,-50.8,50.3,2009-12,2.1,",,,E",,,-12.1,"1,E"
GLW00016504,"SONDRESTROM, GL",67.01667,-50.8,50.3,2010-01,35,",,,E",,,-12,"1,E"
GLW00016504,"SONDRESTROM, GL",67.01667,-50.8,50.3,2010-02,2.8,",,,E",,,-9.3,",E"
GLW00016504,"SONDRESTROM, GL",67.01667,-50.8,50.3,2010-03,10.5,",,,E",,,-11.9,",E"
GLW00016504,"SONDRESTROM, GL",67.01667,-50.8,50.3,2010-04,8.6,",,,E",,,-2.5,",E"
GLW00016504,"SONDRESTROM, GL",67.01667,-50.8,50.3,2010-05,6.6,",,,E",,,8.6,",E"
GLW00016504,"SONDRESTROM, GL",67.01667,-50.8,50.3,2010-06,42.8,",,,E",,,11.4,"2,E"
GLW00016504,"SONDRESTROM, GL",67.01667,-50.8,50.3,2010-07,21,",,,E",,,11.8,",E"
GLW00016504,"SONDRESTROM, GL",67.01667,-50.8,50.3,2010-08,54.7,",,,E",,,11.4,",E"
GLW00016504,"SONDRESTROM, GL",67.01667,-50.8,50.3,2010-09,16.1,",,,E",,,6.8,",E"
GLW00016504,"SONDRESTROM, GL",67.01667,-50.8,50.3,2010-10,15.9,",,,E",,,-1.6,",E"
GLW00016504,"SONDRESTROM, GL",67.01667,-50.8,50.3,2010-11,4.7,",,,E",,,-4.7,",E"
GLW00016504,"SONDRESTROM, GL",67.01667,-50.8,50.3,2010-12,19.6,",,,E",,,-4.6,"2,E"
GLW00016504,"SONDRESTROM, GL",67.01667,-50.8,50.3,2011-01,2.4,",,,E",,,-13.9,",E"
GLW00016504,"SONDRESTROM, GL",67.01667,-50.8,50.3,2011-02,37.2,",,,E",,,-17.3,",E"
GLW00016504,"SONDRESTROM, GL",67.01667,-50.8,50.3,2011-03,3.7,",,,E",,,-16.9,"2,E"
GLW00016504,"SONDRESTROM, GL",67.01667,-50.8,50.3,2011-04,0,",,,E",,,-16.2,"1,E"
GLW00016504,"SONDRESTROM, GL",67.01667,-50.8,50.3,2011-05,17.7,",,,E",,,1.9,",E"
GLW00016504,"SONDRESTROM, GL",67.01667,-50.8,50.3,2011-06,2.1,",,,E",,,11.1,"1,E"
GLW00016504,"SONDRESTROM, GL",67.01667,-50.8,50.3,2011-07,18.2,"4,,,E",,,,
GLW00016504,"SONDRESTROM, GL",67.01667,-50.8,50.3,2011-08,35.7,",,,E",,,,
GLW00016504,"SONDRESTROM, GL",67.01667,-50.8,50.3,2011-09,12,",,,E",,,3,"1,E"
GLW00016504,"SONDRESTROM, GL",67.01667,-50.8,50.3,2011-10,19.3,",,,E",,,-8.4,"1,E"
GLW00016504,"SONDRESTROM, GL",67.01667,-50.8,50.3,2011-11,12.8,",,,E",,,-13.7,"1,E"
GLW00016504,"SONDRESTROM, GL",67.01667,-50.8,50.3,2011-12,11.4,",,,E",,,-15.3,",E"
GLW00016504,"SONDRESTROM, GL",67.01667,-50.8,50.3,2012-01,5.1,",,,E",,,-19.9,",E"
GLW00016504,"SONDRESTROM, GL",67.01667,-50.8,50.3,2012-02,15.3,",,,E",,,-17.7,"1,E"
GLW00016504,"SONDRESTROM, GL",67.01667,-50.8,50.3,2012-03,10.8,",,,E",,,-21,"1,E"
GLW00016504,"SONDRESTROM, GL",67.01667,-50.8,50.3,2012-04,33.4,",,,E",,,-1.6,",E"
GLW00016504,"SONDRESTROM, GL",67.01667,-50.8,50.3,2012-05,33.5,",,,E",,,6.1,",E"
GLW00016504,"SONDRESTROM, GL",67.01667,-50.8,50.3,2012-06,30.1,",,,E",,,12.2,",E"
GLW00016504,"SONDRESTROM, GL",67.01667,-50.8,50.3,2012-07,19.9,",,,E",,,12.9,"1,E"
GLW00016504,"SONDRESTROM, GL",67.01667,-50.8,50.3,2012-08,60.3,",,,E",,,9.6,",E"
GLW00016504,"SONDRESTROM, GL",67.01667,-50.8,50.3,2012-09,63.4,",,,E",,,5.9,",E"
GLW00016504,"SONDRESTROM, GL",67.01667,-50.8,50.3,2012-10,31.9,",,,E",,,-1.7,"2,E"
GLW00016504,"SONDRESTROM, GL",67.01667,-50.8,50.3,2012-11,20.7,",,,E",,,-12.7,",E"
GLW00016504,"SONDRESTROM, GL",67.01667,-50.8,50.3,2012-12,5.1,",,,E",,,-15.9,",E"
GLW00016504,"SONDRESTROM, GL",67.01667,-50.8,50.3,2013-01,11.1,",,,E",,,-16.8,",E"
GLW00016504,"SONDRESTROM, GL",67.01667,-50.8,50.3,2013-02,2.2,",,,E",,,-16.9,",E"
GLW00016504,"SONDRESTROM, GL",67.01667,-50.8,50.3,2013-03,12.6,",,,E",,,-8.4,",E"
GLW00016504,"SONDRESTROM, GL",67.01667,-50.8,50.3,2013-04,5.3,",,,E",,,-1.7,",E"
GLW00016504,"SONDRESTROM, GL",67.01667,-50.8,50.3,2013-05,16.9,",,,E",,,0.4,",E"
GLW00016504,"SONDRESTROM, GL",67.01667,-50.8,50.3,2013-06,30.3,",,,E",,,11.1,",E"
GLW00016504,"SONDRESTROM, GL",67.01667,-50.8,50.3,2013-07,73.2,",,,E",,,11.3,",E"
GLW00016504,"SONDRESTROM, GL",67.01667,-50.8,50.3,2013-08,22.1,",,,E",,,8.3,",E"
GLW00016504,"SONDRESTROM, GL",67.01667,-50.8,50.3,2013-09,25.4,",,,E",,,4.7,",E"
GLW00016504,"SONDRESTROM, GL",67.01667,-50.8,50.3,2013-10,17,",,,E",,,-3.8,",E"
GLW00016504,"SONDRESTROM, GL",67.01667,-50.8,50.3,2013-11,14.9,",,,E",,,-10.7,"1,E"
GLW00016504,"SONDRESTROM, GL",67.01667,-50.8,50.3,2013-12,14.1,",,,E",,,-17.9,"1,E"
GLW00016504,"SONDRESTROM, GL",67.01667,-50.8,50.3,2014-01,6.9,"3,,,E",,,-14.4,",E"
GLW00016504,"SONDRESTROM, GL",67.01667,-50.8,50.3,2014-02,,,,,-16.2,",E"
GLW00016504,"SONDRESTROM, GL",67.01667,-50.8,50.3,2014-03,,,,,-16.2,",E"
GLW00016504,"SONDRESTROM, GL",67.01667,-50.8,50.3,2014-04,,,,,-9,",E"
GLW00016504,"SONDRESTROM, GL",67.01667,-50.8,50.3,2014-05,,,,,2.7,",E"
GLW00016504,"SONDRESTROM, GL",67.01667,-50.8,50.3,2014-06,,,,,11.8,",E"
GLW00016504,"SONDRESTROM, GL",67.01667,-50.8,50.3,2014-07,,,,,12.6,",E"
GLW00016504,"SONDRESTROM, GL",67.01667,-50.8,50.3,2014-08,,,,,10.1,",E"
GLW00016504,"SONDRESTROM, GL",67.01667,-50.8,50.3,2014-09,,,,,4.2,",E"
GLW00016504,"SONDRESTROM, GL",67.01667,-50.8,50.3,2014-10,,,,,-4.8,",E"
GLW00016504,"SONDRESTROM, GL",67.01667,-50.8,50.3,2014-11,,,,,-12.9,",E"
GLW00016504,"SONDRESTROM, GL",67.01667,-50.8,50.3,2014-12,,,,,-16.4,",E"
GLW00016504,"SONDRESTROM, GL",67.01667,-50.8,50.3,2015-01,,,,,-22.1,",E"
GLW00016504,"SONDRESTROM, GL",67.01667,-50.8,50.3,2015-02,2.2,"5,,,E",,,-25.1,",E"
GLW00016504,"SONDRESTROM, GL",67.01667,-50.8,50.3,2015-03,,,,,-18.7,",E"
GLW00016504,"SONDRESTROM, GL",67.01667,-50.8,50.3,2015-04,,,,,-10.7,",E"
GLW00016504,"SONDRESTROM, GL",67.01667,-50.8,50.3,2015-05,,,,,1.9,",E"
GLW00016504,"SONDRESTROM, GL",67.01667,-50.8,50.3,2015-06,,,,,9.5,",E"
GLW00016504,"SONDRESTROM, GL",67.01667,-50.8,50.3,2015-07,,,,,11.9,",E"
GLW00016504,"SONDRESTROM, GL",67.01667,-50.8,50.3,2015-08,51.5,"4,,,E",,,8.8,",E"
GLW00016504,"SONDRESTROM, GL",67.01667,-50.8,50.3,2015-09,,,,,3.5,",E"
GLW00016504,"SONDRESTROM, GL",67.01667,-50.8,50.3,2015-10,,,,,-5.8,"1,E"
GLW00016504,"SONDRESTROM, GL",67.01667,-50.8,50.3,2015-11,9.6,"2,,,E",,,-17.8,",E"
GLW00016504,"SONDRESTROM, GL",67.01667,-50.8,50.3,2015-12,,,,,-21.6,",E"
GLW00016504,"SONDRESTROM, GL",67.01667,-50.8,50.3,2016-01,1.9,"5,,,E",,,-15.1,",E"
GLW00016504,"SONDRESTROM, GL",67.01667,-50.8,50.3,2016-02,,,,,-16.1,",E"
GLW00016504,"SONDRESTROM, GL",67.01667,-50.8,50.3,2016-03,,,,,-8.6,"1,E"
GLW00016504,"SONDRESTROM, GL",67.01667,-50.8,50.3,2016-04,,,,,2.9,",E"
GLW00016504,"SONDRESTROM, GL",67.01667,-50.8,50.3,2016-05,,,,,5.7,",E"
GLW00016504,"SONDRESTROM, GL",67.01667,-50.8,50.3,2016-06,,,,,10.8,",E"
GLW00016504,"SONDRESTROM, GL",67.01667,-50.8,50.3,2016-07,,,,,12.5,",E"
GLW00016504,"SONDRESTROM, GL",67.01667,-50.8,50.3,2016-08,,,,,9.9,",E"
GLW00016504,"SONDRESTROM, GL",67.01667,-50.8,50.3,2016-09,,,,,2.9,",E"
GLW00016504,"SONDRESTROM, GL",67.01667,-50.8,50.3,2016-10,,,,,-4.8,",E"
GLW00016504,"SONDRESTROM, GL",67.01667,-50.8,50.3,2016-11,,,,,-9,",E"
GLW00016504,"SONDRESTROM, GL",67.01667,-50.8,50.3,2016-12,,,,,-18.7,",E"
GLW00016504,"SONDRESTROM, GL",67.01667,-50.8,50.3,2017-01,,,,,-17.8,",E"
GLW00016504,"SONDRESTROM, GL",67.01667,-50.8,50.3,2017-02,,,,,-21.1,"1,E"
GLW00016504,"SONDRESTROM, GL",67.01667,-50.8,50.3,2017-03,,,,,-16,",E"
GLW00016504,"SONDRESTROM, GL",67.01667,-50.8,50.3,2017-04,,,,,-9.3,",E"
GLW00016504,"SONDRESTROM, GL",67.01667,-50.8,50.3,2017-05,,,,,4.9,",E"
GLW00016504,"SONDRESTROM, GL",67.01667,-50.8,50.3,2017-06,,,,,10,",E"
GLW00016504,"SONDRESTROM, GL",67.01667,-50.8,50.3,2017-07,,,,,10.4,",E"
GLW00016504,"SONDRESTROM, GL",67.01667,-50.8,50.3,2017-08,,,,,9.8,",E"
GLW00016504,"SONDRESTROM, GL",67.01667,-50.8,50.3,2017-09,,,,,3.7,",E"
GLW00016504,"SONDRESTROM, GL",67.01667,-50.8,50.3,2017-10,,,,,-1.8,",E"
GLW00016504,"SONDRESTROM, GL",67.01667,-50.8,50.3,2017-11,,,,,-11.4,",E"
GLW00016504,"SONDRESTROM, GL",67.01667,-50.8,50.3,2017-12,,,,,-10.2,",E"
GLW00016504,"SONDRESTROM, GL",67.01667,-50.8,50.3,2018-01,,,,,-21.2,",E"
GLW00016504,"SONDRESTROM, GL",67.01667,-50.8,50.3,2018-02,,,,,-24.8,",E"
GLW00016504,"SONDRESTROM, GL",67.01667,-50.8,50.3,2018-03,,,,,-15.7,",E"
GLW00016504,"SONDRESTROM, GL",67.01667,-50.8,50.3,2018-04,,,,,-5.6,",E"
GLW00016504,"SONDRESTROM, GL",67.01667,-50.8,50.3,2018-05,,,,,0.5,",E"
GLW00016504,"SONDRESTROM, GL",67.01667,-50.8,50.3,2018-06,,,,,9.8,",E"
GLW00016504,"SONDRESTROM, GL",67.01667,-50.8,50.3,2018-07,,,,,10.8,",E"
GLW00016504,"SONDRESTROM, GL",67.01667,-50.8,50.3,2018-08,,,,,9.6,",E"
GLW00016504,"SONDRESTROM, GL",67.01667,-50.8,50.3,2018-09,,,,,4,",E"
GLW00016504,"SONDRESTROM, GL",67.01667,-50.8,50.3,2018-10,,,,,-6.2,",E"
GLW00016504,"SONDRESTROM, GL",67.01667,-50.8,50.3,2018-11,,,,,-12.9,",E"
GLW00016504,"SONDRESTROM, GL",67.01667,-50.8,50.3,2018-12,,,,,-12.9,",E"
GLE00146841,"PITUFFIK, GL",76.5331,-68.75,77,1982-01,11.1,",,,E",,,,
GLE00146841,"PITUFFIK, GL",76.5331,-68.75,77,1982-02,1,",,,E",,,,
GLE00146841,"PITUFFIK, GL",76.5331,-68.75,77,1982-04,14.6,",,,E",,,,
GLE00146841,"PITUFFIK, GL",76.5331,-68.75,77,1982-05,1.9,",,,E",,,,
GLE00146841,"PITUFFIK, GL",76.5331,-68.75,77,1982-06,1,",,,E",,,,
GLE00146841,"PITUFFIK, GL",76.5331,-68.75,77,1982-07,29.8,",,,E",,,,
GLE00146841,"PITUFFIK, GL",76.5331,-68.75,77,1982-08,20.3,",,,E",,,,
GLE00146841,"PITUFFIK, GL",76.5331,-68.75,77,1982-09,10.7,",,,E",,,,
GLE00146841,"PITUFFIK, GL",76.5331,-68.75,77,1982-10,13.8,",,,E",,,,
GLE00146841,"PITUFFIK, GL",76.5331,-68.75,77,1982-11,7.3,",,,E",,,,
GLE00146841,"PITUFFIK, GL",76.5331,-68.75,77,1982-12,5,",,,E",,,,
GLE00146841,"PITUFFIK, GL",76.5331,-68.75,77,1983-01,0.6,",,,E",,,,
GLE00146841,"PITUFFIK, GL",76.5331,-68.75,77,1983-02,7.4,",,,E",,,,
GLE00146841,"PITUFFIK, GL",76.5331,-68.75,77,1983-03,4.3,",,,E",,,,
GLE00146841,"PITUFFIK, GL",76.5331,-68.75,77,1983-04,11.8,",,,E",,,,
GLE00146841,"PITUFFIK, GL",76.5331,-68.75,77,1983-05,12.8,",,,E",,,,
GLE00146841,"PITUFFIK, GL",76.5331,-68.75,77,1983-06,21.8,",,,E",,,,
GLE00146841,"PITUFFIK, GL",76.5331,-68.75,77,1983-07,61.8,",,,E",,,,
GLE00146841,"PITUFFIK, GL",76.5331,-68.75,77,1983-08,0,",,,E",,,,
GLE00146841,"PITUFFIK, GL",76.5331,-68.75,77,1983-09,16.1,",,,E",,,,
GLE00146841,"PITUFFIK, GL",76.5331,-68.75,77,1983-10,6,",,,E",,,,
GLE00146841,"PITUFFIK, GL",76.5331,-68.75,77,1983-11,1.8,",,,E",,,,
GLE00146841,"PITUFFIK, GL",76.5331,-68.75,77,1983-12,3.2,",,,E",,,,
GLE00146841,"PITUFFIK, GL",76.5331,-68.75,77,1984-01,0.3,",,,E",,,,
GLE00146841,"PITUFFIK, GL",76.5331,-68.75,77,1984-02,0.3,",,,E",,,,
GLE00146841,"PITUFFIK, GL",76.5331,-68.75,77,1984-03,0,",,,E",,,,
GLE00146841,"PITUFFIK, GL",76.5331,-68.75,77,1984-04,0,",,,E",,,,
GLE00146841,"PITUFFIK, GL",76.5331,-68.75,77,1984-05,0,",,,E",,,,
GLE00146841,"PITUFFIK, GL",76.5331,-68.75,77,1984-06,1.6,",,,E",,,,
GLE00146841,"PITUFFIK, GL",76.5331,-68.75,77,1984-07,26.5,",,,E",,,,
GLE00146841,"PITUFFIK, GL",76.5331,-68.75,77,1984-08,7.9,",,,E",,,,
GLE00146841,"PITUFFIK, GL",76.5331,-68.75,77,1984-09,10.6,",,,E",,,,
GLE00146841,"PITUFFIK, GL",76.5331,-68.75,77,1984-10,5,",,,E",,,,
GLE00146841,"PITUFFIK, GL",76.5331,-68.75,77,1984-11,19.2,",,,E",,,,
GLE00146841,"PITUFFIK, GL",76.5331,-68.75,77,1984-12,11.1,",,,E",,,,
GLE00146841,"PITUFFIK, GL",76.5331,-68.75,77,1985-01,7,",,,E",,,,
GLE00146841,"PITUFFIK, GL",76.5331,-68.75,77,1985-02,0,",,,E",,,,
GLE00146841,"PITUFFIK, GL",76.5331,-68.75,77,1985-03,1.2,",,,E",,,,
GLE00146841,"PITUFFIK, GL",76.5331,-68.75,77,1985-04,11.9,",,,E",,,,
GLE00146841,"PITUFFIK, GL",76.5331,-68.75,77,1985-05,6,",,,E",,,,
GLE00146841,"PITUFFIK, GL",76.5331,-68.75,77,1985-06,11.2,",,,E",,,,
GLE00146841,"PITUFFIK, GL",76.5331,-68.75,77,1985-07,6.2,",,,E",,,,
GLE00146841,"PITUFFIK, GL",76.5331,-68.75,77,1985-08,45.8,",,,E",,,,
GLE00146841,"PITUFFIK, GL",76.5331,-68.75,77,1985-09,9.1,",,,E",,,,
GLE00146841,"PITUFFIK, GL",76.5331,-68.75,77,1985-10,47.7,",,,E",,,,
GLE00146841,"PITUFFIK, GL",76.5331,-68.75,77,1985-11,14.2,",,,E",,,,
GLE00146841,"PITUFFIK, GL",76.5331,-68.75,77,1985-12,1.8,",,,E",,,,
GLE00146841,"PITUFFIK, GL",76.5331,-68.75,77,1986-01,13.6,",,,E",,,,
GLE00146841,"PITUFFIK, GL",76.5331,-68.75,77,1986-02,64.8,",,,E",,,,
GLE00146841,"PITUFFIK, GL",76.5331,-68.75,77,1986-03,15.5,",,,E",,,,
GLE00146841,"PITUFFIK, GL",76.5331,-68.75,77,1986-04,2,",,,E",,,,
GLE00146841,"PITUFFIK, GL",76.5331,-68.75,77,1986-05,10.6,",,,E",,,,
GLE00146841,"PITUFFIK, GL",76.5331,-68.75,77,1986-06,4.3,",,,E",,,,
GLE00146841,"PITUFFIK, GL",76.5331,-68.75,77,1986-07,15.2,",,,E",,,,
GLE00146841,"PITUFFIK, GL",76.5331,-68.75,77,1986-08,56.3,",,,E",,,,
GLE00146841,"PITUFFIK, GL",76.5331,-68.75,77,1986-09,58.1,",,,E",,,,
GLE00146841,"PITUFFIK, GL",76.5331,-68.75,77,1986-10,4.4,",,,E",,,,
GLE00146841,"PITUFFIK, GL",76.5331,-68.75,77,1986-11,5.2,",,,E",,,,
GLE00146841,"PITUFFIK, GL",76.5331,-68.75,77,1986-12,4.8,",,,E",,,,
GLE00146841,"PITUFFIK, GL",76.5331,-68.75,77,1987-01,34.8,",,,E",,,,
GLE00146841,"PITUFFIK, GL",76.5331,-68.75,77,1987-02,4.6,",,,E",,,,
GLE00146841,"PITUFFIK, GL",76.5331,-68.75,77,1987-03,1.3,",,,E",,,,
GLE00146841,"PITUFFIK, GL",76.5331,-68.75,77,1987-04,2.8,",,,E",,,,
GLE00146841,"PITUFFIK, GL",76.5331,-68.75,77,1987-05,5,",,,E",,,,
GLE00146841,"PITUFFIK, GL",76.5331,-68.75,77,1987-06,2.6,",,,E",,,,
GLE00146841,"PITUFFIK, GL",76.5331,-68.75,77,1987-07,18.4,",,,E",,,,
GLE00146841,"PITUFFIK, GL",76.5331,-68.75,77,1987-08,76.4,",,,E",,,,
GLE00146841,"PITUFFIK, GL",76.5331,-68.75,77,1987-09,58.2,",,,E",,,,
GLE00146841,"PITUFFIK, GL",76.5331,-68.75,77,1987-10,11,",,,E",,,,
GLE00146841,"PITUFFIK, GL",76.5331,-68.75,77,1987-11,19.2,",,,E",,,,
GLE00146841,"PITUFFIK, GL",76.5331,-68.75,77,1987-12,3.6,",,,E",,,,
GLE00146841,"PITUFFIK, GL",76.5331,-68.75,77,1988-01,4,",,,E",,,,
GLE00146841,"PITUFFIK, GL",76.5331,-68.75,77,1988-02,9.4,",,,E",,,,
GLE00146841,"PITUFFIK, GL",76.5331,-68.75,77,1988-03,5.8,",,,E",,,,
GLE00146841,"PITUFFIK, GL",76.5331,-68.75,77,1988-04,5.1,",,,E",,,,
GLE00146841,"PITUFFIK, GL",76.5331,-68.75,77,1988-05,0.3,",,,E",,,,
GLE00146841,"PITUFFIK, GL",76.5331,-68.75,77,1988-06,13.5,",,,E",,,,
GLE00146841,"PITUFFIK, GL",76.5331,-68.75,77,1988-07,0,",,,E",,,,
GLE00146841,"PITUFFIK, GL",76.5331,-68.75,77,1988-08,30.3,",,,E",,,,
GLE00146841,"PITUFFIK, GL",76.5331,-68.75,77,1988-09,53.5,",,,E",,,,
GLE00146841,"PITUFFIK, GL",76.5331,-68.75,77,1988-10,19.2,",,,E",,,,
GLE00146841,"PITUFFIK, GL",76.5331,-68.75,77,1988-11,29.8,",,,E",,,,
GLE00146841,"PITUFFIK, GL",76.5331,-68.75,77,1988-12,0.8,",,,E",,,,
GLE00146841,"PITUFFIK, GL",76.5331,-68.75,77,1989-01,1.3,",,,E",,,,
GLE00146841,"PITUFFIK, GL",76.5331,-68.75,77,1989-02,0.4,",,,E",,,,
GLE00146841,"PITUFFIK, GL",76.5331,-68.75,77,1989-03,0.6,",,,E",,,,
GLE00146841,"PITUFFIK, GL",76.5331,-68.75,77,1989-04,11.3,",,,E",,,,
GLE00146841,"PITUFFIK, GL",76.5331,-68.75,77,1989-05,3.5,",,,E",,,,
GLE00146841,"PITUFFIK, GL",76.5331,-68.75,77,1989-06,16.4,",,,E",,,,
GLE00146841,"PITUFFIK, GL",76.5331,-68.75,77,1989-07,26.2,",,,E",,,,
GLE00146841,"PITUFFIK, GL",76.5331,-68.75,77,1989-08,56.6,",,,E",,,,
GLE00146841,"PITUFFIK, GL",76.5331,-68.75,77,1989-09,73.4,",,,E",,,,
GLE00146841,"PITUFFIK, GL",76.5331,-68.75,77,1989-10,32.7,",,,E",,,,
GLE00146841,"PITUFFIK, GL",76.5331,-68.75,77,1989-11,6.6,",,,E",,,,
GLE00146841,"PITUFFIK, GL",76.5331,-68.75,77,1989-12,10.1,",,,E",,,,
GLE00146841,"PITUFFIK, GL",76.5331,-68.75,77,1990-01,9.3,",,,E",,,,
GLE00146841,"PITUFFIK, GL",76.5331,-68.75,77,1990-02,0.6,",,,E",,,,
GLE00146841,"PITUFFIK, GL",76.5331,-68.75,77,1990-03,2.3,",,,E",,,,
GLE00146841,"PITUFFIK, GL",76.5331,-68.75,77,1990-04,1.4,",,,E",,,,
GLE00146841,"PITUFFIK, GL",76.5331,-68.75,77,1990-05,0.1,",,,E",,,,
GLE00146841,"PITUFFIK, GL",76.5331,-68.75,77,1990-06,1.5,",,,E",,,,
GLE00146841,"PITUFFIK, GL",76.5331,-68.75,77,1990-07,14.1,",,,E",,,,
GLE00146841,"PITUFFIK, GL",76.5331,-68.75,77,1990-08,13,",,,E",,,,
GLE00146841,"PITUFFIK, GL",76.5331,-68.75,77,1990-09,2,",,,E",,,,
GLE00146841,"PITUFFIK, GL",76.5331,-68.75,77,1990-10,21,",,,E",,,,
GLE00146841,"PITUFFIK, GL",76.5331,-68.75,77,1990-11,3.1,",,,E",,,,
GLE00146841,"PITUFFIK, GL",76.5331,-68.75,77,1990-12,0.6,",,,E",,,,
GLE00146841,"PITUFFIK, GL",76.5331,-68.75,77,1991-01,19.1,",,,E",,,,
GLE00146841,"PITUFFIK, GL",76.5331,-68.75,77,1991-02,19.7,",,,E",,,,
GLE00146841,"PITUFFIK, GL",76.5331,-68.75,77,1991-03,6.2,",,,E",,,,
GLE00146841,"PITUFFIK, GL",76.5331,-68.75,77,1991-04,1.3,",,,E",,,,
GLE00146841,"PITUFFIK, GL",76.5331,-68.75,77,1991-05,0,",,,E",,,,
GLE00146841,"PITUFFIK, GL",76.5331,-68.75,77,1991-06,18.4,",,,E",,,,
GLE00146841,"PITUFFIK, GL",76.5331,-68.75,77,1991-07,15.7,",,,E",,,,
GLE00146841,"PITUFFIK, GL",76.5331,-68.75,77,1991-08,16,",,,E",,,,
GLE00146841,"PITUFFIK, GL",76.5331,-68.75,77,1991-09,3,",,,E",,,,
GLE00146841,"PITUFFIK, GL",76.5331,-68.75,77,1991-10,21,",,,E",,,,
GLE00146841,"PITUFFIK, GL",76.5331,-68.75,77,1991-11,21.4,",,,E",,,,
GLE00146841,"PITUFFIK, GL",76.5331,-68.75,77,1991-12,4.9,",,,E",,,,
GLE00146841,"PITUFFIK, GL",76.5331,-68.75,77,1992-01,9,",,,E",,,,
GLE00146841,"PITUFFIK, GL",76.5331,-68.75,77,1992-02,3.1,",,,E",,,,
GLE00146841,"PITUFFIK, GL",76.5331,-68.75,77,1992-03,8.3,",,,E",,,,
GLE00146841,"PITUFFIK, GL",76.5331,-68.75,77,1992-04,0.8,",,,E",,,,
GLE00146841,"PITUFFIK, GL",76.5331,-68.75,77,1992-05,16.8,",,,E",,,,
GLE00146841,"PITUFFIK, GL",76.5331,-68.75,77,1992-06,2.4,",,,E",,,,
GLE00146841,"PITUFFIK, GL",76.5331,-68.75,77,1992-07,63.4,",,,E",,,,
GLE00146841,"PITUFFIK, GL",76.5331,-68.75,77,1992-08,13.6,",,,E",,,,
GLE00146841,"PITUFFIK, GL",76.5331,-68.75,77,1992-09,2.5,",,,E",,,,
GLE00146841,"PITUFFIK, GL",76.5331,-68.75,77,1992-10,17.4,"4,,,E",,,,
GLE00146841,"PITUFFIK, GL",76.5331,-68.75,77,1992-11,5.5,",,,E",,,,
GLE00146841,"PITUFFIK, GL",76.5331,-68.75,77,1992-12,2.4,",,,E",,,,
GLE00146841,"PITUFFIK, GL",76.5331,-68.75,77,1993-01,13.7,",,,E",,,,
GLE00146841,"PITUFFIK, GL",76.5331,-68.75,77,1993-02,2.3,",,,E",,,,
GLE00146841,"PITUFFIK, GL",76.5331,-68.75,77,1993-03,3.9,",,,E",,,,
GLE00146841,"PITUFFIK, GL",76.5331,-68.75,77,1993-04,7.4,",,,E",,,,
GLE00146841,"PITUFFIK, GL",76.5331,-68.75,77,1993-05,1.6,",,,E",,,,
GLE00146841,"PITUFFIK, GL",76.5331,-68.75,77,1993-06,8.3,",,,E",,,,
GLE00146841,"PITUFFIK, GL",76.5331,-68.75,77,1993-07,3.8,",,,E",,,,
GLE00146841,"PITUFFIK, GL",76.5331,-68.75,77,1993-08,7.9,",,,E",,,,
GLE00146841,"PITUFFIK, GL",76.5331,-68.75,77,1993-09,27.5,",,,E",,,,
GLE00146841,"PITUFFIK, GL",76.5331,-68.75,77,1993-10,14.7,",,,E",,,,
GLE00146841,"PITUFFIK, GL",76.5331,-68.75,77,1993-11,3.2,",,,E",,,,
GLE00146841,"PITUFFIK, GL",76.5331,-68.75,77,1993-12,1.4,",,,E",,,,
GLE00146841,"PITUFFIK, GL",76.5331,-68.75,77,1994-01,1.9,",,,E",,,,
GLE00146841,"PITUFFIK, GL",76.5331,-68.75,77,1994-02,0,",,,E",,,,
GLE00146841,"PITUFFIK, GL",76.5331,-68.75,77,1994-03,2.8,",,,E",,,,
GLE00146841,"PITUFFIK, GL",76.5331,-68.75,77,1994-04,18.8,",,,E",,,,
GLE00146841,"PITUFFIK, GL",76.5331,-68.75,77,1994-05,32.8,",,,E",,,,
GLE00146841,"PITUFFIK, GL",76.5331,-68.75,77,1994-06,12.2,",,,E",,,,
GLE00146841,"PITUFFIK, GL",76.5331,-68.75,77,1994-07,57.2,",,,E",,,,
GLE00146841,"PITUFFIK, GL",76.5331,-68.75,77,1994-08,8.7,",,,E",,,,
GLE00146841,"PITUFFIK, GL",76.5331,-68.75,77,1994-09,52.3,",,,E",,,,
GLE00146841,"PITUFFIK, GL",76.5331,-68.75,77,1994-10,0,",,,E",,,,
GLE00146841,"PITUFFIK, GL",76.5331,-68.75,77,1994-11,35.1,",,,E",,,,
GLE00146841,"PITUFFIK, GL",76.5331,-68.75,77,1994-12,21.3,",,,E",,,,
GLE00146841,"PITUFFIK, GL",76.5331,-68.75,77,1995-01,4,",,,E",,,,
GLE00146841,"PITUFFIK, GL",76.5331,-68.75,77,1995-02,4.8,",,,E",,,,
GLE00146841,"PITUFFIK, GL",76.5331,-68.75,77,1995-03,12.6,",,,E",,,,
GLE00146841,"PITUFFIK, GL",76.5331,-68.75,77,1995-04,7.3,",,,E",,,,
GLE00146841,"PITUFFIK, GL",76.5331,-68.75,77,1995-05,13.9,",,,E",,,,
GLE00146841,"PITUFFIK, GL",76.5331,-68.75,77,1995-06,3.2,",,,E",,,,
GLE00146841,"PITUFFIK, GL",76.5331,-68.75,77,1995-07,16.8,",,,E",,,,
GLE00146841,"PITUFFIK, GL",76.5331,-68.75,77,1995-08,0.8,",,,E",,,,
GLE00146841,"PITUFFIK, GL",76.5331,-68.75,77,1995-09,16,",,,E",,,,
GLE00146841,"PITUFFIK, GL",76.5331,-68.75,77,1995-10,33.6,",,,E",,,,
GLE00146841,"PITUFFIK, GL",76.5331,-68.75,77,1995-11,21.8,",,,E",,,,
GLE00146841,"PITUFFIK, GL",76.5331,-68.75,77,1995-12,39.8,",,,E",,,,
GLE00146841,"PITUFFIK, GL",76.5331,-68.75,77,1996-01,25.7,",,,E",,,,
GLE00146841,"PITUFFIK, GL",76.5331,-68.75,77,1996-02,7.1,",,,E",,,,
GLE00146841,"PITUFFIK, GL",76.5331,-68.75,77,1996-03,49.6,",,,E",,,,
GLE00146841,"PITUFFIK, GL",76.5331,-68.75,77,1996-04,3.2,",,,E",,,,
GLE00146841,"PITUFFIK, GL",76.5331,-68.75,77,1996-05,5.7,",,,E",,,,
GLE00146841,"PITUFFIK, GL",76.5331,-68.75,77,1996-06,8,",,,E",,,,
GLE00146841,"PITUFFIK, GL",76.5331,-68.75,77,1996-07,22,",,,E",,,,
GLE00146841,"PITUFFIK, GL",76.5331,-68.75,77,1996-08,37.7,",,,E",,,,
GLE00146841,"PITUFFIK, GL",76.5331,-68.75,77,1996-09,10.6,",,,E",,,,
GLE00146841,"PITUFFIK, GL",76.5331,-68.75,77,1996-10,5.3,",,,E",,,,
GLE00146841,"PITUFFIK, GL",76.5331,-68.75,77,1996-11,19.7,",,,E",,,,
GLE00146841,"PITUFFIK, GL",76.5331,-68.75,77,1996-12,47.1,",,,E",,,,
GLE00146841,"PITUFFIK, GL",76.5331,-68.75,77,1997-01,16,",,,E",,,,
GLE00146841,"PITUFFIK, GL",76.5331,-68.75,77,1997-02,2.7,",,,E",,,,
GLE00146841,"PITUFFIK, GL",76.5331,-68.75,77,1997-03,2.1,",,,E",,,,
GLE00146841,"PITUFFIK, GL",76.5331,-68.75,77,1997-04,38.3,",,,E",,,,
GLE00146841,"PITUFFIK, GL",76.5331,-68.75,77,1997-05,3.3,"1,,,E",,,,
GLE00146841,"PITUFFIK, GL",76.5331,-68.75,77,1997-06,2.6,",,,E",,,,
GLE00146841,"PITUFFIK, GL",76.5331,-68.75,77,1997-07,70.1,",,,E",,,,
GLE00146841,"PITUFFIK, GL",76.5331,-68.75,77,1997-08,27.9,",,,E",,,,
GLE00146841,"PITUFFIK, GL",76.5331,-68.75,77,1997-09,30.6,",,,E",,,,
GLE00146841,"PITUFFIK, GL",76.5331,-68.75,77,1997-10,25.8,",,,E",,,,
GLE00146841,"PITUFFIK, GL",76.5331,-68.75,77,1997-11,8.7,",,,E",,,,
GLE00146841,"PITUFFIK, GL",76.5331,-68.75,77,1997-12,20,",,,E",,,,
GLE00146841,"PITUFFIK, GL",76.5331,-68.75,77,1998-01,14.7,",,,E",,,,
GLE00146841,"PITUFFIK, GL",76.5331,-68.75,77,1998-02,11.8,",,,E",,,,
GLE00146841,"PITUFFIK, GL",76.5331,-68.75,77,1998-03,0.8,",,,E",,,,
GLE00146841,"PITUFFIK, GL",76.5331,-68.75,77,1998-04,17.8,",,,E",,,,
GLE00146841,"PITUFFIK, GL",76.5331,-68.75,77,1998-05,5.8,",,,E",,,,
GLE00146841,"PITUFFIK, GL",76.5331,-68.75,77,1998-06,24.5,"2,,,E",,,,
GLE00146841,"PITUFFIK, GL",76.5331,-68.75,77,1998-07,33.5,",,,E",,,,
GLE00146841,"PITUFFIK, GL",76.5331,-68.75,77,1998-08,44.3,",,,E",,,,
GLE00146841,"PITUFFIK, GL",76.5331,-68.75,77,1998-09,1,",,,E",,,,
GLE00146841,"PITUFFIK, GL",76.5331,-68.75,77,1998-10,28.3,"3,,,E",,,,
GLE00146841,"PITUFFIK, GL",76.5331,-68.75,77,1998-12,10.2,",,,E",,,,
GLE00146841,"PITUFFIK, GL",76.5331,-68.75,77,1999-01,3.2,",,,E",,,,
GLE00146841,"PITUFFIK, GL",76.5331,-68.75,77,1999-02,4.2,"5,,,E",,,,
GLE00146841,"PITUFFIK, GL",76.5331,-68.75,77,1999-03,24.7,",,,E",,,,
GLE00146841,"PITUFFIK, GL",76.5331,-68.75,77,1999-04,8.3,",,,E",,,,
GLE00146841,"PITUFFIK, GL",76.5331,-68.75,77,1999-05,5.8,",,,E",,,,
GLE00146841,"PITUFFIK, GL",76.5331,-68.75,77,1999-06,5.5,"1,,,E",,,,
GLE00146841,"PITUFFIK, GL",76.5331,-68.75,77,1999-07,4,"3,,,E",,,,
GLE00146841,"PITUFFIK, GL",76.5331,-68.75,77,1999-08,31.2,"3,,,E",,,,
GLE00146841,"PITUFFIK, GL",76.5331,-68.75,77,1999-09,2,"2,,,E",,,,
GLE00146841,"PITUFFIK, GL",76.5331,-68.75,77,1999-10,11.2,"1,,,E",,,,
GLE00146841,"PITUFFIK, GL",76.5331,-68.75,77,1999-11,11.1,"1,,,E",,,,
GLE00146841,"PITUFFIK, GL",76.5331,-68.75,77,1999-12,10,"2,,,E",,,,
GLE00146841,"PITUFFIK, GL",76.5331,-68.75,77,2000-01,5.9,"3,,,E",,,,
GLE00146841,"PITUFFIK, GL",76.5331,-68.75,77,2000-02,6.5,",,,E",,,,
GLE00146841,"PITUFFIK, GL",76.5331,-68.75,77,2000-03,7.6,",,,E",,,,
GLE00146841,"PITUFFIK, GL",76.5331,-68.75,77,2000-04,8.3,",,,E",,,,
GLE00146841,"PITUFFIK, GL",76.5331,-68.75,77,2000-05,3.5,",,,E",,,,
GLE00146841,"PITUFFIK, GL",76.5331,-68.75,77,2000-06,0,",,,E",,,,
GLE00146841,"PITUFFIK, GL",76.5331,-68.75,77,2000-12,27.3,",,,E",,,,
GLE00146841,"PITUFFIK, GL",76.5331,-68.75,77,2001-01,15.9,",,,E",,,,
GLE00146841,"PITUFFIK, GL",76.5331,-68.75,77,2001-02,4.5,",,,E",,,,
GLE00146841,"PITUFFIK, GL",76.5331,-68.75,77,2001-03,10.1,",,,E",,,,
GLE00146841,"PITUFFIK, GL",76.5331,-68.75,77,2001-04,17.9,",,,E",,,,
GLE00146841,"PITUFFIK, GL",76.5331,-68.75,77,2001-05,7.8,"4,,,E",,,,
GLE00146841,"PITUFFIK, GL",76.5331,-68.75,77,2001-08,189.7,"4,,,E",,,,
GLE00146841,"PITUFFIK, GL",76.5331,-68.75,77,2001-10,16.8,"5,,,E",,,,
GLE00146841,"PITUFFIK, GL",76.5331,-68.75,77,2002-03,4.4,"2,,,E",,,,
GLE00146841,"PITUFFIK, GL",76.5331,-68.75,77,2002-06,1.4,"3,,,E",,,,
GLE00146841,"PITUFFIK, GL",76.5331,-68.75,77,2002-07,15.8,"1,,,E",,,,
GLE00146841,"PITUFFIK, GL",76.5331,-68.75,77,2002-08,16.5,",,,E",,,,
GLE00146841,"PITUFFIK, GL",76.5331,-68.75,77,2002-09,26,",,,E",,,,
GLE00146841,"PITUFFIK, GL",76.5331,-68.75,77,2002-10,25.6,",,,E",,,,
GLE00146841,"PITUFFIK, GL",76.5331,-68.75,77,2003-10,23.3,"1,,,E",,,,
GLE00146841,"PITUFFIK, GL",76.5331,-68.75,77,2003-11,6.2,",,,E",,,,
GLE00146841,"PITUFFIK, GL",76.5331,-68.75,77,2003-12,13.4,",,,E",,,,
GLE00146841,"PITUFFIK, GL",76.5331,-68.75,77,2004-01,2.4,",,,E",,,,
GLE00146841,"PITUFFIK, GL",76.5331,-68.75,77,2004-02,16.8,",,,E",,,,
GLE00146841,"PITUFFIK, GL",76.5331,-68.75,77,2004-03,9.7,",,,E",,,,
GLE00146841,"PITUFFIK, GL",76.5331,-68.75,77,2004-04,5.2,",,,E",,,,
GLE00146841,"PITUFFIK, GL",76.5331,-68.75,77,2004-05,5.8,",,,E",,,,
GLE00146841,"PITUFFIK, GL",76.5331,-68.75,77,2004-06,20.3,",,,E",,,,
GLE00146841,"PITUFFIK, GL",76.5331,-68.75,77,2004-07,51,",,,E",,,,
GLE00146841,"PITUFFIK, GL",76.5331,-68.75,77,2004-08,75.4,",,,E",,,,
GLE00146841,"PITUFFIK, GL",76.5331,-68.75,77,2004-09,22.2,",,,E",,,,
GLE00146841,"PITUFFIK, GL",76.5331,-68.75,77,2004-10,28.4,",,,E",,,,
GLE00146841,"PITUFFIK, GL",76.5331,-68.75,77,2004-11,36.9,"1,,,E",,,,
GLE00146841,"PITUFFIK, GL",76.5331,-68.75,77,2004-12,5.9,",,,E",,,,
GLE00146841,"PITUFFIK, GL",76.5331,-68.75,77,2005-01,2.9,",,,E",,,,
GLE00146841,"PITUFFIK, GL",76.5331,-68.75,77,2005-02,22.9,",,,E",,,,
GLE00146841,"PITUFFIK, GL",76.5331,-68.75,77,2005-03,14.5,",,,E",,,,
GLE00146841,"PITUFFIK, GL",76.5331,-68.75,77,2005-04,11.9,",,,E",,,,
GLE00146841,"PITUFFIK, GL",76.5331,-68.75,77,2005-05,4.2,",,,E",,,,
GLE00146841,"PITUFFIK, GL",76.5331,-68.75,77,2005-06,33.4,",,,E",,,,
GLE00146841,"PITUFFIK, GL",76.5331,-68.75,77,2005-07,12.1,",,,E",,,,
GLE00146841,"PITUFFIK, GL",76.5331,-68.75,77,2005-08,21,",,,E",,,,
GLE00146841,"PITUFFIK, GL",76.5331,-68.75,77,2005-09,2.5,",,,E",,,,
GLE00146841,"PITUFFIK, GL",76.5331,-68.75,77,2005-10,64.8,",,,E",,,,
GLE00146841,"PITUFFIK, GL",76.5331,-68.75,77,2005-11,7.2,",,,E",,,,
GLE00146841,"PITUFFIK, GL",76.5331,-68.75,77,2005-12,17.4,",,,E",,,,
GLE00146841,"PITUFFIK, GL",76.5331,-68.75,77,2006-01,10.4,",,,E",,,,
GLE00146841,"PITUFFIK, GL",76.5331,-68.75,77,2006-02,8.8,",,,E",,,,
GLE00146841,"PITUFFIK, GL",76.5331,-68.75,77,2006-03,7.9,",,,E",,,,
GLE00146841,"PITUFFIK, GL",76.5331,-68.75,77,2006-04,3.5,",,,E",,,,
GLE00146841,"PITUFFIK, GL",76.5331,-68.75,77,2006-05,0.5,",,,E",,,,
GLE00146841,"PITUFFIK, GL",76.5331,-68.75,77,2006-06,27.8,",,,E",,,,
GLE00146841,"PITUFFIK, GL",76.5331,-68.75,77,2006-07,108,",,,E",,,,
GLE00146841,"PITUFFIK, GL",76.5331,-68.75,77,2006-08,29,",,,E",,,,
GLE00146841,"PITUFFIK, GL",76.5331,-68.75,77,2006-09,11.4,",,,E",,,,
GLE00146841,"PITUFFIK, GL",76.5331,-68.75,77,2006-10,11.2,",,,E",,,,
GLE00146841,"PITUFFIK, GL",76.5331,-68.75,77,2006-11,19.9,"3,,,E",,,,
GLE00147241,"KANGILINNGUIT, GL",61.2331,-48.1,35,1962-01,41.1,",,,E",,,,
GLE00147241,"KANGILINNGUIT, GL",61.2331,-48.1,35,1962-02,122.2,",,,E",,,,
GLE00147241,"KANGILINNGUIT, GL",61.2331,-48.1,35,1962-03,20.5,",,,E",,,,
GLE00147241,"KANGILINNGUIT, GL",61.2331,-48.1,35,1962-04,103.2,",,,E",,,0,"1,E"
GLE00147241,"KANGILINNGUIT, GL",61.2331,-48.1,35,1962-05,81.4,",,,E",,,5.6,",E"
GLE00147241,"KANGILINNGUIT, GL",61.2331,-48.1,35,1962-06,62.9,",,,E",,,7.4,"1,E"
GLE00147241,"KANGILINNGUIT, GL",61.2331,-48.1,35,1962-07,56.9,",,,E",,,9.6,"1,E"
GLE00147241,"KANGILINNGUIT, GL",61.2331,-48.1,35,1962-08,79.6,",,,E",,,7.9,"2,E"
GLE00147241,"KANGILINNGUIT, GL",61.2331,-48.1,35,1962-09,113.2,",,,E",,,5.9,"1,E"
GLE00147241,"KANGILINNGUIT, GL",61.2331,-48.1,35,1962-10,105.6,",,,E",,,3,"2,E"
GLE00147241,"KANGILINNGUIT, GL",61.2331,-48.1,35,1962-11,126,",,,E",,,-0.8,"2,E"
GLE00147241,"KANGILINNGUIT, GL",61.2331,-48.1,35,1962-12,133.3,",,,E",,,-3.9,"3,E"
GLE00147241,"KANGILINNGUIT, GL",61.2331,-48.1,35,1963-01,206.2,",,,E",,,-2.7,"3,E"
GLE00147241,"KANGILINNGUIT, GL",61.2331,-48.1,35,1963-02,95.3,",,,E",,,-0.7,",E"
GLE00147241,"KANGILINNGUIT, GL",61.2331,-48.1,35,1963-03,36.8,",,,E",,,-1.4,"3,E"
GLE00147241,"KANGILINNGUIT, GL",61.2331,-48.1,35,1963-04,37.3,",,,E",,,1.9,",E"
GLE00147241,"KANGILINNGUIT, GL",61.2331,-48.1,35,1963-05,66.2,",,,E",,,2.9,",E"
GLE00147241,"KANGILINNGUIT, GL",61.2331,-48.1,35,1963-06,104.9,",,,E",,,7.4,",E"
GLE00147241,"KANGILINNGUIT, GL",61.2331,-48.1,35,1963-07,64.1,",,,E",,,8,",E"
GLE00147241,"KANGILINNGUIT, GL",61.2331,-48.1,35,1963-08,52.2,",,,E",,,9.1,",E"
GLE00147241,"KANGILINNGUIT, GL",61.2331,-48.1,35,1963-09,112.6,",,,E",,,3.7,"1,E"
GLE00147241,"KANGILINNGUIT, GL",61.2331,-48.1,35,1963-10,44.3,",,,E",,,-1.2,",E"
GLE00147241,"KANGILINNGUIT, GL",61.2331,-48.1,35,1963-11,62.8,",,,E",,,-3,",E"
GLE00147241,"KANGILINNGUIT, GL",61.2331,-48.1,35,1963-12,118.3,",,,E",,,0.5,",E"
GLE00147241,"KANGILINNGUIT, GL",61.2331,-48.1,35,1964-01,52.9,",,,E",,,-2,"1,E"
GLE00147241,"KANGILINNGUIT, GL",61.2331,-48.1,35,1964-02,61.4,",,,E",,,-0.2,",E"
GLE00147241,"KANGILINNGUIT, GL",61.2331,-48.1,35,1964-03,93.4,",,,E",,,-6.3,"2,E"
GLE00147241,"KANGILINNGUIT, GL",61.2331,-48.1,35,1964-04,70.3,",,,E",,,-0.1,",E"
GLE00147241,"KANGILINNGUIT, GL",61.2331,-48.1,35,1964-05,35.2,",,,E",,,4.4,"1,E"
GLE00147241,"KANGILINNGUIT, GL",61.2331,-48.1,35,1964-06,70.7,",,,E",,,6.5,",E"
GLE00147241,"KANGILINNGUIT, GL",61.2331,-48.1,35,1964-07,97.9,",,,E",,,8.2,",E"
GLE00147241,"KANGILINNGUIT, GL",61.2331,-48.1,35,1964-08,47.2,",,,E",,,9.6,"4,E"
GLE00147241,"KANGILINNGUIT, GL",61.2331,-48.1,35,1964-09,78.2,",,,E",,,,
GLE00147241,"KANGILINNGUIT, GL",61.2331,-48.1,35,1964-10,160.5,",,,E",,,,
GLE00147241,"KANGILINNGUIT, GL",61.2331,-48.1,35,1964-11,172.8,",,,E",,,,
GLE00147241,"KANGILINNGUIT, GL",61.2331,-48.1,35,1964-12,87.7,",,,E",,,,
GLE00147241,"KANGILINNGUIT, GL",61.2331,-48.1,35,1965-01,57,"2,,,E",,,,
GLE00147241,"KANGILINNGUIT, GL",61.2331,-48.1,35,1965-02,121.5,"4,,,E",,,,
GLE00147241,"KANGILINNGUIT, GL",61.2331,-48.1,35,1965-03,1.5,",,,E",,,,
GLE00147241,"KANGILINNGUIT, GL",61.2331,-48.1,35,1965-04,54.8,",,,E",,,,
GLE00147241,"KANGILINNGUIT, GL",61.2331,-48.1,35,1965-05,29.5,",,,E",,,6.5,",E"
GLE00147241,"KANGILINNGUIT, GL",61.2331,-48.1,35,1965-06,65.4,",,,E",,,7.8,",E"
GLE00147241,"KANGILINNGUIT, GL",61.2331,-48.1,35,1965-07,106.6,",,,E",,,,
GLE00147241,"KANGILINNGUIT, GL",61.2331,-48.1,35,1965-08,153.9,",,,E",,,,
GLE00147241,"KANGILINNGUIT, GL",61.2331,-48.1,35,1965-09,112.6,",,,E",,,,
GLE00147241,"KANGILINNGUIT, GL",61.2331,-48.1,35,1965-10,,,,,,
GLE00147241,"KANGILINNGUIT, GL",61.2331,-48.1,35,1965-11,70.3,"3,,,E",,,,
GLE00147241,"KANGILINNGUIT, GL",61.2331,-48.1,35,1965-12,,,,,,
GLE00147241,"KANGILINNGUIT, GL",61.2331,-48.1,35,1966-01,1.8,"2,,,E",,,,
GLE00147241,"KANGILINNGUIT, GL",61.2331,-48.1,35,1966-02,16.3,",,,E",,,,
GLE00147241,"KANGILINNGUIT, GL",61.2331,-48.1,35,1966-03,40.4,",,,E",,,,
GLE00147241,"KANGILINNGUIT, GL",61.2331,-48.1,35,1966-04,12.3,"1,,,E",,,,
GLE00147241,"KANGILINNGUIT, GL",61.2331,-48.1,35,1966-05,0.3,",,,E",,,,
GLE00147241,"KANGILINNGUIT, GL",61.2331,-48.1,35,1966-06,14.2,",,,E",,,,
GLE00147241,"KANGILINNGUIT, GL",61.2331,-48.1,35,1966-07,220.1,",,,E",,,,
GLE00147241,"KANGILINNGUIT, GL",61.2331,-48.1,35,1966-08,6.5,",,,E",,,,
GLE00147241,"KANGILINNGUIT, GL",61.2331,-48.1,35,1966-09,124.3,",,,E",,,,
GLE00147241,"KANGILINNGUIT, GL",61.2331,-48.1,35,1966-10,232.1,",,,E",,,,
GLE00147241,"KANGILINNGUIT, GL",61.2331,-48.1,35,1966-11,249.5,",,,E",,,,
GLE00147241,"KANGILINNGUIT, GL",61.2331,-48.1,35,1966-12,121.2,",,,E",,,,
GLE00147241,"KANGILINNGUIT, GL",61.2331,-48.1,35,1967-01,402.2,",,,E",,,-0.5,"1,E"
GLE00147241,"KANGILINNGUIT, GL",61.2331,-48.1,35,1967-02,188,",,,E",,,-5,",E"
GLE00147241,"KANGILINNGUIT, GL",61.2331,-48.1,35,1967-03,55.2,"3,,,E",,,,
GLE00147241,"KANGILINNGUIT, GL",61.2331,-48.1,35,1967-04,120.8,",,,E",,,-2.7,",E"
GLE00147241,"KANGILINNGUIT, GL",61.2331,-48.1,35,1967-05,134.4,",,,E",,,,
GLE00147241,"KANGILINNGUIT, GL",61.2331,-48.1,35,1967-06,80.6,",,,E",,,6.6,",E"
GLE00147241,"KANGILINNGUIT, GL",61.2331,-48.1,35,1967-07,81,",,,E",,,9.1,",E"
GLE00147241,"KANGILINNGUIT, GL",61.2331,-48.1,35,1967-08,130,",,,E",,,7.9,",E"
GLE00147241,"KANGILINNGUIT, GL",61.2331,-48.1,35,1967-09,92.6,",,,E",,,5.3,",E"
GLE00147241,"KANGILINNGUIT, GL",61.2331,-48.1,35,1967-10,73.6,",,,E",,,0.3,",E"
GLE00147241,"KANGILINNGUIT, GL",61.2331,-48.1,35,1967-11,191.4,",,,E",,,-2.6,",E"
GLE00147241,"KANGILINNGUIT, GL",61.2331,-48.1,35,1967-12,93.9,",,,E",,,,
GLE00147241,"KANGILINNGUIT, GL",61.2331,-48.1,35,1968-01,79,",,,E",,,-3.5,"1,E"
GLE00147241,"KANGILINNGUIT, GL",61.2331,-48.1,35,1968-02,99.7,",,,E",,,-2.4,",E"
GLE00147241,"KANGILINNGUIT, GL",61.2331,-48.1,35,1968-03,360.5,",,,E",,,-4.1,",E"
GLE00147241,"KANGILINNGUIT, GL",61.2331,-48.1,35,1968-04,71.5,",,,E",,,,
GLE00147241,"KANGILINNGUIT, GL",61.2331,-48.1,35,1968-05,43.1,",,,E",,,7,",E"
GLE00147241,"KANGILINNGUIT, GL",61.2331,-48.1,35,1968-06,9.2,",,,E",,,7.6,",E"
GLE00147241,"KANGILINNGUIT, GL",61.2331,-48.1,35,1968-07,210.7,",,,E",,,9.9,",E"
GLE00147241,"KANGILINNGUIT, GL",61.2331,-48.1,35,1968-08,201.6,",,,E",,,7.9,",E"
GLE00147241,"KANGILINNGUIT, GL",61.2331,-48.1,35,1968-09,21.4,",,,E",,,6.9,",E"
GLE00147241,"KANGILINNGUIT, GL",61.2331,-48.1,35,1968-10,7,",,,E",,,1.7,",E"
GLE00147241,"KANGILINNGUIT, GL",61.2331,-48.1,35,1968-11,78.3,",,,E",,,-1,",E"
GLE00147241,"KANGILINNGUIT, GL",61.2331,-48.1,35,1968-12,73.7,",,,E",,,-3.3,"4,E"
GLE00147241,"KANGILINNGUIT, GL",61.2331,-48.1,35,1969-01,77.3,",,,E",,,-2.2,"1,E"
GLE00147241,"KANGILINNGUIT, GL",61.2331,-48.1,35,1969-02,93.5,",,,E",,,-1.4,",E"
GLE00147241,"KANGILINNGUIT, GL",61.2331,-48.1,35,1969-03,127,",,,E",,,-0.4,",E"
GLE00147241,"KANGILINNGUIT, GL",61.2331,-48.1,35,1969-04,113.9,",,,E",,,-1.1,",E"
GLE00147241,"KANGILINNGUIT, GL",61.2331,-48.1,35,1969-05,155.3,",,,E",,,3.7,",E"
GLE00147241,"KANGILINNGUIT, GL",61.2331,-48.1,35,1969-06,126,",,,E",,,6.4,",E"
GLE00147241,"KANGILINNGUIT, GL",61.2331,-48.1,35,1969-07,51.1,",,,E",,,7,",E"
GLE00147241,"KANGILINNGUIT, GL",61.2331,-48.1,35,1969-08,119.6,",,,E",,,7.5,",E"
GLE00147241,"KANGILINNGUIT, GL",61.2331,-48.1,35,1969-09,172.6,",,,E",,,3.3,",E"
GLE00147241,"KANGILINNGUIT, GL",61.2331,-48.1,35,1969-10,154.3,",,,E",,,0.4,",E"
GLE00147241,"KANGILINNGUIT, GL",61.2331,-48.1,35,1969-11,166.1,",,,E",,,-2.4,",E"
GLE00147241,"KANGILINNGUIT, GL",61.2331,-48.1,35,1969-12,153.5,"2,,,E",,,,
GLE00147241,"KANGILINNGUIT, GL",61.2331,-48.1,35,1970-01,40.7,"2,,,E",,,-2.7,"2,E"
GLE00147241,"KANGILINNGUIT, GL",61.2331,-48.1,35,1970-02,115.2,",,,E",,,-5.1,",E"
GLE00147241,"KANGILINNGUIT, GL",61.2331,-48.1,35,1970-03,164.1,",,,E",,,,
GLE00147241,"KANGILINNGUIT, GL",61.2331,-48.1,35,1970-04,79.1,",,,E",,,0.9,",E"
GLE00147241,"KANGILINNGUIT, GL",61.2331,-48.1,35,1970-05,72.2,"1,,,E",,,2.2,"3,E"
GLE00147241,"KANGILINNGUIT, GL",61.2331,-48.1,35,1970-06,89.6,",,,E",,,5.7,",E"
GLE00147241,"KANGILINNGUIT, GL",61.2331,-48.1,35,1970-07,92.9,",,,E",,,7.6,",E"
GLE00147241,"KANGILINNGUIT, GL",61.2331,-48.1,35,1970-08,168.3,",,,E",,,7.9,",E"
GLE00147241,"KANGILINNGUIT, GL",61.2331,-48.1,35,1970-09,432.4,",,,E",,,5,",E"
GLE00147241,"KANGILINNGUIT, GL",61.2331,-48.1,35,1970-10,109.8,",,,E",,,1.1,",E"
GLE00147241,"KANGILINNGUIT, GL",61.2331,-48.1,35,1970-11,199.2,",,,E",,,-2.9,",E"
GLE00147241,"KANGILINNGUIT, GL",61.2331,-48.1,35,1970-12,312.9,",,,E",,,-3.2,",E"
GLE00147241,"KANGILINNGUIT, GL",61.2331,-48.1,35,1971-01,67,",,,E",,,-5.5,",E"
GLE00147241,"KANGILINNGUIT, GL",61.2331,-48.1,35,1971-02,51.1,",,,E",,,-8.5,",E"
GLE00147241,"KANGILINNGUIT, GL",61.2331,-48.1,35,1971-03,64.7,",,,E",,,-0.8,",E"
GLE00147241,"KANGILINNGUIT, GL",61.2331,-48.1,35,1971-04,140.8,",,,E",,,-0.1,",E"
GLE00147241,"KANGILINNGUIT, GL",61.2331,-48.1,35,1971-05,258.9,",,,E",,,3.4,",E"
GLE00147241,"KANGILINNGUIT, GL",61.2331,-48.1,35,1971-06,92.2,",,,E",,,7.7,",E"
GLE00147241,"KANGILINNGUIT, GL",61.2331,-48.1,35,1971-07,54.6,",,,E",,,9.3,"1,E"
GLE00147241,"KANGILINNGUIT, GL",61.2331,-48.1,35,1971-08,484.4,",,,E",,,7.1,",E"
GLE00147241,"KANGILINNGUIT, GL",61.2331,-48.1,35,1971-09,112.8,",,,E",,,5.1,",E"
GLE00147241,"KANGILINNGUIT, GL",61.2331,-48.1,35,1971-10,28,",,,E",,,0.8,",E"
GLE00147241,"KANGILINNGUIT, GL",61.2331,-48.1,35,1971-11,298.4,",,,E",,,-0.8,",E"
GLE00147241,"KANGILINNGUIT, GL",61.2331,-48.1,35,1971-12,111.5,",,,E",,,-10.5,"1,E"
GLE00147241,"KANGILINNGUIT, GL",61.2331,-48.1,35,1972-01,202.4,",,,E",,,-10.9,"1,E"
GLE00147241,"KANGILINNGUIT, GL",61.2331,-48.1,35,1972-02,334.3,",,,E",,,-6.7,",E"
GLE00147241,"KANGILINNGUIT, GL",61.2331,-48.1,35,1972-03,212.4,",,,E",,,-9.3,",E"
GLE00147241,"KANGILINNGUIT, GL",61.2331,-48.1,35,1972-04,87.9,",,,E",,,-1.3,",E"
GLE00147241,"KANGILINNGUIT, GL",61.2331,-48.1,35,1972-05,65.4,",,,E",,,1.6,",E"
GLE00147241,"KANGILINNGUIT, GL",61.2331,-48.1,35,1972-06,150.4,",,,E",,,4.1,",E"
GLE00147241,"KANGILINNGUIT, GL",61.2331,-48.1,35,1972-07,46.3,",,,E",,,7.4,",E"
GLE00147241,"KANGILINNGUIT, GL",61.2331,-48.1,35,1972-08,175.7,",,,E",,,7.6,",E"
GLE00147241,"KANGILINNGUIT, GL",61.2331,-48.1,35,1972-09,264.1,",,,E",,,6.1,",E"
GLE00147241,"KANGILINNGUIT, GL",61.2331,-48.1,35,1972-10,399.7,",,,E",,,0.6,",E"
GLE00147241,"KANGILINNGUIT, GL",61.2331,-48.1,35,1972-11,121,",,,E",,,-4.5,",E"
GLE00147241,"KANGILINNGUIT, GL",61.2331,-48.1,35,1972-12,43.2,",,,E",,,-7.2,",E"
GLE00147241,"KANGILINNGUIT, GL",61.2331,-48.1,35,1973-01,79.3,",,,E",,,-5.9,",E"
GLE00147241,"KANGILINNGUIT, GL",61.2331,-48.1,35,1973-02,137.1,",,,E",,,-8.1,",E"
GLE00147241,"KANGILINNGUIT, GL",61.2331,-48.1,35,1973-03,108.4,",,,E",,,-5.2,"1,E"
GLE00147241,"KANGILINNGUIT, GL",61.2331,-48.1,35,1973-04,223.3,",,,E",,,1.5,",E"
GLE00147241,"KANGILINNGUIT, GL",61.2331,-48.1,35,1973-05,35.3,",,,E",,,3.4,",E"
GLE00147241,"KANGILINNGUIT, GL",61.2331,-48.1,35,1973-06,88.8,",,,E",,,6,",E"
GLE00147241,"KANGILINNGUIT, GL",61.2331,-48.1,35,1973-07,114.7,",,,E",,,9.3,",E"
GLE00147241,"KANGILINNGUIT, GL",61.2331,-48.1,35,1973-08,8.2,",,,E",,,7.3,",E"
GLE00147241,"KANGILINNGUIT, GL",61.2331,-48.1,35,1973-09,216,",,,E",,,6.1,",E"
GLE00147241,"KANGILINNGUIT, GL",61.2331,-48.1,35,1973-10,211.6,",,,E",,,1.2,",E"
GLE00147241,"KANGILINNGUIT, GL",61.2331,-48.1,35,1973-11,59.1,",,,E",,,0.8,",E"
GLE00147241,"KANGILINNGUIT, GL",61.2331,-48.1,35,1973-12,191.6,",,,E",,,-3.5,",E"
GLE00147241,"KANGILINNGUIT, GL",61.2331,-48.1,35,1974-01,4.9,",,,E",,,-7.2,",E"
GLE00147241,"KANGILINNGUIT, GL",61.2331,-48.1,35,1974-02,120.5,",,,E",,,-4.8,"2,E"
GLE00147241,"KANGILINNGUIT, GL",61.2331,-48.1,35,1974-03,145.4,",,,E",,,,
GLE00147241,"KANGILINNGUIT, GL",61.2331,-48.1,35,1974-04,67.6,",,,E",,,-0.8,"2,E"
GLE00147241,"KANGILINNGUIT, GL",61.2331,-48.1,35,1974-05,65.6,",,,E",,,,
GLE00147241,"KANGILINNGUIT, GL",61.2331,-48.1,35,1974-06,0,",,,E",,,,
GLE00147241,"KANGILINNGUIT, GL",61.2331,-48.1,35,1974-07,49.2,",,,E",,,,
GLE00147241,"KANGILINNGUIT, GL",61.2331,-48.1,35,1974-08,73.4,"2,,,E",,,9,"4,E"
GLE00147241,"KANGILINNGUIT, GL",61.2331,-48.1,35,1981-02,108.7,"3,,,E",,,,
GLE00147241,"KANGILINNGUIT, GL",61.2331,-48.1,35,1982-01,10.2,"2,,,E",,,,
GLE00147241,"KANGILINNGUIT, GL",61.2331,-48.1,35,1982-02,0,",,,E",,,,
GLE00147241,"KANGILINNGUIT, GL",61.2331,-48.1,35,1982-03,34.5,"2,,,E",,,,
GLE00147241,"KANGILINNGUIT, GL",61.2331,-48.1,35,1982-04,103.5,"1,,,E",,,,